PRAGMA foreign_keys = ON;

INSERT INTO Paziente (codice, nome, cognome, data_nascita, indirizzo, telefono) VALUES
('P001', 'Carlo', 'Palermo', '2003-09-24', 'Via Giuseppe Garibaldi, 9', '0327 5017538'),
('P002', 'Matilde', 'Costa', '2001-01-13', 'Via Galvani, 39', '0398 1963448'),
('P003', 'Pietro', 'Sagese', '1968-10-18', 'Via Alcide De Gasperi, 67', '0342 8057122'),
('P004', 'Raffaele', 'Colombo', '1956-03-04', 'Via Calcirelli, 37', '0322 0192612'),
('P005', 'Eva', 'Fanucci', '1992-05-15', 'Via Sacchi, 124', '0398 2526615'),
('P006', 'Gina', 'Marchesi', '1944-10-21', 'Via delle Coste, 82', '0312 5772958'),
('P007', 'Eva', 'Grasso', '1975-04-08', 'Via Sacchi, 27', '0398 1960013'),
('P008', 'Mario', 'Costa', '1965-12-21', 'Via San Francesco, 140', '0342 3794026'),
('P009', 'Alessandro', 'Conti', '1983-02-03', 'Via Cavour, 25', '0341 5940781'),
('P010', 'Rosa', 'Marchesi', '1977-11-20', 'Via Mazzini, 148', '0327 1034131'),
('P011', 'Salvatore', 'Farina', '1986-03-12', 'Via Mazzini, 54', '0331 1928327'),
('P012', 'Ottavio', 'Fiore', '1968-11-11', 'Via Aldo Moro, 15', '0327 0564139'),
('P013', 'Simona', 'Conti', '2003-07-21', 'Via Trieste, 37', '0331 2388496'),
('P014', 'Anna', 'Santoro', '1968-03-17', 'Via Napoli, 24', '0321 1226916'),
('P015', 'Salvatore', 'Martinelli', '1972-09-28', 'Via Giuseppe Garibaldi, 175', '0322 8451462'),
('P016', 'Giuseppe', 'Gentile', '1962-09-04', 'Via Petrarca, 77', '0398 9325288'),
('P017', 'Lara', 'Moretti', '2002-01-04', 'Via Mazzini, 79', '0327 0391171'),
('P018', 'Flavia', 'Ferri', '1956-03-22', 'Via Napoli, 141', '0323 4896383'),
('P019', 'Anna', 'D''Angelo', '1987-08-17', 'Via Trieste, 31', '0327 3150983'),
('P020', 'Matilde', 'Fanucci', '1947-04-03', 'Via Galvani, 85', '0322 8347382'),
('P021', 'Irene', 'Serra', '2000-04-26', 'Via Napoli, 105', '0327 1165667'),
('P022', 'Giulia', 'Bellini', '1952-01-13', 'Via del Popolo, 87', '0322 3338726'),
('P023', 'Salvatore', 'Mancini', '1949-08-26', 'Via Verdi, 26', '0321 8013267'),
('P024', 'Lorenzo', 'Amato', '1947-03-13', 'Via Giuseppe Garibaldi, 100', '0331 7468723'),
('P025', 'Marco', 'Coppola', '1947-12-11', 'Via Galvani, 13', '0312 7882081'),
('P026', 'Chiara', 'Basile', '1948-11-28', 'Via Dante, 104', '0322 9399091'),
('P027', 'Leonardo', 'Serra', '2006-06-09', 'Via Roma, 172', '0341 3462475'),
('P028', 'Chiara', 'Palermo', '1998-10-19', 'Via Calcirelli, 19', '0398 3842513'),
('P029', 'Matteo', 'Galli', '1978-10-26', 'Via Petrarca, 136', '0321 8412411'),
('P030', 'Silvia', 'Giordano', '1976-10-07', 'Via San Francesco, 88', '0327 4874016'),
('P031', 'Gina', 'Palermo', '1982-03-21', 'Via Milano, 42', '0358 8680112'),
('P032', 'Antonella', 'Coppola', '1958-07-05', 'Via Galvani, 79', '0341 0533158'),
('P033', 'Maria', 'Silvestri', '1959-04-28', 'Via delle Coste, 46', '0342 0256342'),
('P034', 'Sofia', 'Mariani', '1944-08-08', 'Via Roma, 118', '0341 4330365'),
('P035', 'Andrea', 'Ferri', '1975-06-21', 'Via Firenze, 103', '0398 5014294'),
('P036', 'Mario', 'Ferrara', '1984-12-26', 'Corso Vittorio Emanuele, 112', '0312 8169340'),
('P037', 'Matilde', 'Martinelli', '1965-06-14', 'Via Alcide De Gasperi, 171', '0341 9514846'),
('P038', 'Valerio', 'Rizzo', '1956-04-14', 'Via dei Mille, 98', '0323 9946804'),
('P039', 'Federico', 'Gatti', '1981-08-15', 'Via Trieste, 173', '0327 8721489'),
('P040', 'Antonio', 'Bellini', '1979-04-26', 'Via Roma, 38', '0321 0379176'),
('P041', 'Irene', 'Gallo', '1989-08-13', 'Via Dante, 38', '0321 1632870'),
('P042', 'Elena', 'Martini', '1957-08-22', 'Via Firenze, 144', '0312 5798687'),
('P043', 'Beatrice', 'Galli', '1973-04-27', 'Via Petrarca, 71', '0398 7347143'),
('P044', 'Massimo', 'Amato', '1950-03-05', 'Via Dante, 99', '0323 3166587'),
('P045', 'Roberto', 'Monti', '1993-07-25', 'Via Leopardi, 179', '0321 9670546'),
('P046', 'Maria', 'Vitale', '1968-08-08', 'Via Milano, 112', '0358 0656272'),
('P047', 'Flavia', 'Costa', '1990-10-19', 'Via dei Mille, 7', '0322 6272046'),
('P048', 'Salvatore', 'Moretti', '1983-07-09', 'Via Aldo Moro, 108', '0331 1708053'),
('P049', 'Piera', 'Sagese', '1943-04-07', 'Via Giuseppe Garibaldi, 160', '0323 3271937'),
('P050', 'Antonella', 'Bianchi', '1954-03-10', 'Via Calcirelli, 149', '0321 4966319'),
('P051', 'Ornella', 'Mancini', '1953-12-25', 'Via Torino, 176', '0312 1905865'),
('P052', 'Renato', 'Barbieri', '1941-07-27', 'Via Napoli, 28', '0342 5726284'),
('P053', 'Federico', 'Testa', '1974-06-28', 'Via Dante, 23', '0331 7379965'),
('P054', 'Massimo', 'Romano', '2002-04-12', 'Via Milano, 88', '0331 9480831'),
('P055', 'Tommaso', 'Longo', '1970-12-16', 'Via Petrarca, 126', '0358 0143634'),
('P056', 'Antonella', 'Leone', '2007-06-14', 'Via del Popolo, 141', '0341 5744431'),
('P057', 'Simona', 'Russo', '1963-04-07', 'Via del Popolo, 124', '0331 9894134'),
('P058', 'Davide', 'Lombardi', '1941-12-18', 'Via Sacchi, 71', '0321 0842710'),
('P059', 'Beatrice', 'Leone', '1996-06-06', 'Via Galvani, 65', '0358 1167190'),
('P060', 'Ignazio', 'Lombardi', '1950-04-04', 'Via Verdi, 107', '0312 9938677'),
('P061', 'Leonardo', 'Ferrara', '1979-10-20', 'Via Galvani, 157', '0322 3341232'),
('P062', 'Valentina', 'Palermo', '1992-08-23', 'Via Manzoni, 121', '0331 0344713'),
('P063', 'Ornella', 'Coppola', '1965-07-04', 'Via Verdi, 58', '0323 4210249'),
('P064', 'Irene', 'Villa', '1976-08-04', 'Via Trieste, 177', '0331 6488771'),
('P065', 'Paola', 'Grasso', '1981-10-09', 'Via Giuseppe Garibaldi, 24', '0327 9904902'),
('P066', 'Renato', 'Galli', '1975-03-19', 'Viale Europa, 163', '0358 1756551'),
('P067', 'Daniela', 'Caruso', '2003-05-22', 'Via Cavour, 141', '0321 7154516'),
('P068', 'Matilde', 'D''Angelo', '1999-07-02', 'Via Roma, 133', '0341 9770348'),
('P069', 'Riccardo', 'Galli', '2002-02-01', 'Via Petrarca, 156', '0327 2480861'),
('P070', 'Paolo', 'Martini', '1955-11-27', 'Via Sacchi, 128', '0331 8467737'),
('P071', 'Rosa', 'Gallo', '2005-12-05', 'Via Alcide De Gasperi, 71', '0342 5840449'),
('P072', 'Rita', 'Longo', '1959-08-18', 'Via Napoli, 89', '0341 8867533'),
('P073', 'Serena', 'Riva', '1992-01-11', 'Via del Popolo, 122', '0342 6270289'),
('P074', 'Giovanni', 'Guerra', '1996-02-17', 'Via Trieste, 4', '0323 6217459'),
('P075', 'Piera', 'Marchesi', '1982-11-28', 'Via Verdi, 98', '0341 7809134'),
('P076', 'Francesca', 'Ferrara', '1952-11-23', 'Via Calcirelli, 114', '0323 4005045'),
('P077', 'Alessandro', 'Mancini', '2007-07-19', 'Via dei Mille, 47', '0323 2196937'),
('P078', 'Silvia', 'De Luca', '1999-11-09', 'Via Trieste, 66', '0321 7482175'),
('P079', 'Roberta', 'Farina', '1994-12-09', 'Via Trieste, 78', '0327 6713695'),
('P080', 'Teresa', 'Rizzo', '1942-11-13', 'Via Milano, 3', '0312 0974395'),
('P081', 'Simone', 'Silvestri', '1972-11-25', 'Via del Popolo, 169', '0323 1047095'),
('P082', 'Francesca', 'Villa', '1977-06-24', 'Viale Europa, 45', '0327 2858842'),
('P083', 'Angelo', 'Sanna', '1977-12-28', 'Corso Vittorio Emanuele, 30', '0358 1236851'),
('P084', 'Matilde', 'Costantini', '1955-08-12', 'Via dei Mille, 173', '0331 9651370'),
('P085', 'Greta', 'Moretti', '1968-11-03', 'Via Petrarca, 119', '0331 6120047'),
('P086', 'Antonio', 'De Santis', '1957-07-15', 'Via Mazzini, 172', '0398 6926179'),
('P087', 'Fabio', 'Sagese', '1987-04-15', 'Via Trieste, 61', '0341 1585064'),
('P088', 'Paolo', 'Riva', '1998-02-22', 'Via Roma, 165', '0312 0053293'),
('P089', 'Gianni', 'Conti', '1967-04-11', 'Via Aldo Moro, 38', '0312 0422842'),
('P090', 'Pietro', 'Ferrari', '1941-06-26', 'Via Dante, 151', '0341 0240268'),
('P091', 'Andrea', 'Leone', '1997-06-17', 'Via Leopardi, 28', '0358 8390847'),
('P092', 'Eva', 'Colombo', '2001-07-14', 'Via dei Mille, 28', '0358 7115921'),
('P093', 'Nicolò', 'Farina', '1981-07-20', 'Via Firenze, 76', '0358 8961183'),
('P094', 'Stefano', 'Caruso', '1983-08-13', 'Viale Europa, 25', '0341 6545271'),
('P095', 'Luca', 'Marchesi', '1995-02-24', 'Via del Popolo, 96', '0323 8098851'),
('P096', 'Silvio', 'Valentini', '1994-12-02', 'Via Torino, 154', '0331 5198327'),
('P097', 'Giovanni', 'Fontana', '1987-02-25', 'Via Milano, 147', '0327 6899809'),
('P098', 'Teresa', 'Giordano', '1943-03-09', 'Via San Francesco, 80', '0341 5022961'),
('P099', 'Ottavio', 'Costa', '1951-12-17', 'Via Roma, 97', '0342 7525459'),
('P100', 'Giulia', 'Esposito', '1960-10-02', 'Via dei Mille, 21', '0331 7679764'),
('P101', 'Dario', 'Russo', '1984-07-04', 'Via Torino, 174', '0312 7840369'),
('P102', 'Roberto', 'Lombardi', '1967-03-25', 'Via Milano, 75', '0341 1076226'),
('P103', 'Serena', 'Gentile', '1985-02-13', 'Via del Popolo, 11', '0342 0715969'),
('P104', 'Ottavio', 'Caruso', '1977-02-13', 'Via Giuseppe Garibaldi, 84', '0323 9751613'),
('P105', 'Lorenzo', 'Martinelli', '1950-07-28', 'Via Torino, 87', '0327 5218188'),
('P106', 'Sergio', 'Fontana', '1958-04-04', 'Via Sacchi, 66', '0327 2921277'),
('P107', 'Jessica', 'Galli', '1981-11-11', 'Via Sacchi, 113', '0322 7744905'),
('P108', 'Roberta', 'Martini', '1997-01-02', 'Via Mazzini, 74', '0322 1998679'),
('P109', 'Gina', 'Galli', '1964-06-20', 'Via Napoli, 129', '0323 0715182'),
('P110', 'Walter', 'Galli', '1996-09-17', 'Via Manzoni, 41', '0341 5466590'),
('P111', 'Piera', 'Barbieri', '1948-06-04', 'Via Verdi, 174', '0342 4492519'),
('P112', 'Patrizia', 'Lombardi', '1990-03-20', 'Via San Francesco, 22', '0331 8652816'),
('P113', 'Eva', 'Santoro', '1979-03-07', 'Corso Vittorio Emanuele, 125', '0327 3221418'),
('P114', 'Emma', 'Sagese', '1983-10-05', 'Via Manzoni, 97', '0323 2292706'),
('P115', 'Antonio', 'Galli', '1976-12-26', 'Via Trieste, 60', '0398 3473597'),
('P116', 'Riccardo', 'Ferri', '1988-09-17', 'Viale Europa, 42', '0327 9240758'),
('P117', 'Vera', 'Riva', '2006-02-10', 'Via Alcide De Gasperi, 42', '0331 7826137'),
('P118', 'Eva', 'Caruso', '1946-07-17', 'Via Mazzini, 61', '0342 1530515'),
('P119', 'Laura', 'Sagese', '1976-08-23', 'Via Sacchi, 121', '0358 9010432'),
('P120', 'Lara', 'Martinelli', '1994-02-25', 'Via Torino, 61', '0331 1036971'),
('P121', 'Bruno', 'Basile', '1942-11-17', 'Via Leopardi, 62', '0323 4609539'),
('P122', 'Silvio', 'D''Angelo', '1950-09-12', 'Via Alcide De Gasperi, 135', '0398 8880670'),
('P123', 'Antonella', 'Costantini', '1942-06-26', 'Via Alcide De Gasperi, 89', '0327 1952058'),
('P124', 'Renato', 'Romano', '1999-12-16', 'Via Petrarca, 47', '0323 1704303'),
('P125', 'Simona', 'Bernardi', '1979-09-13', 'Via Verdi, 122', '0331 0345054'),
('P126', 'Vittorio', 'Ferrara', '1991-12-15', 'Via Cavour, 87', '0323 7758416'),
('P127', 'Mario', 'Testa', '1963-09-10', 'Corso Vittorio Emanuele, 27', '0322 5447962'),
('P128', 'Patrizia', 'Galli', '1945-12-28', 'Via Mazzini, 158', '0342 4016582'),
('P129', 'Silvia', 'Riva', '1996-01-05', 'Via Alcide De Gasperi, 61', '0341 5690927'),
('P130', 'Antonella', 'Galli', '1949-10-05', 'Via Firenze, 94', '0342 5431027'),
('P131', 'Greta', 'Russo', '1973-05-23', 'Via Trieste, 55', '0312 4731217'),
('P132', 'Stefania', 'Riva', '1980-11-12', 'Via San Francesco, 17', '0398 8442258'),
('P133', 'Simone', 'Gatti', '1957-04-26', 'Via Napoli, 7', '0341 8957829'),
('P134', 'Chiara', 'Lombardi', '1990-12-24', 'Via Napoli, 135', '0342 6912517'),
('P135', 'Emilio', 'Fontana', '1956-09-21', 'Via Leopardi, 47', '0323 6801824'),
('P136', 'Massimo', 'Bernardi', '1968-06-17', 'Via Torino, 21', '0331 3842498'),
('P137', 'Renato', 'Bianchi', '1959-03-22', 'Via Manzoni, 155', '0341 9001094'),
('P138', 'Irene', 'Caruso', '1943-08-21', 'Via Verdi, 75', '0331 7364710'),
('P139', 'Tommaso', 'Leone', '1999-04-11', 'Via Manzoni, 37', '0341 5562588'),
('P140', 'Antonio', 'Martini', '1955-05-15', 'Via Dante, 37', '0322 0469632'),
('P141', 'Irene', 'Marini', '1980-04-25', 'Via delle Coste, 128', '0398 7747016'),
('P142', 'Elisa', 'Conti', '1985-01-02', 'Via Torino, 127', '0312 7480162'),
('P143', 'Antonella', 'Valentini', '1991-06-02', 'Via Cavour, 14', '0312 8358416'),
('P144', 'Greta', 'Giordano', '1955-03-04', 'Via Cavour, 96', '0341 8523986'),
('P145', 'Gina', 'Sagese', '1957-12-11', 'Via Napoli, 133', '0358 2982595'),
('P146', 'Nicolò', 'Grasso', '1978-10-11', 'Via Firenze, 131', '0398 7947055'),
('P147', 'Maria', 'Coppola', '1979-12-28', 'Via San Francesco, 162', '0321 9749930'),
('P148', 'Valentina', 'Martinelli', '1988-03-27', 'Via dei Mille, 63', '0321 9130756'),
('P149', 'Valerio', 'Conti', '1992-09-25', 'Via Manzoni, 121', '0321 2838578'),
('P150', 'Davide', 'Martini', '1983-09-12', 'Via dei Mille, 175', '0331 9733484'),
('P151', 'Enrico', 'Ferri', '1976-12-07', 'Via San Francesco, 126', '0341 7584419'),
('P152', 'Rosa', 'Amato', '1990-06-25', 'Via Sacchi, 75', '0321 4157473'),
('P153', 'Franco', 'Giordano', '1974-03-04', 'Via Manzoni, 151', '0327 3083301'),
('P154', 'Walter', 'Leone', '1952-11-25', 'Via Sacchi, 2', '0398 2677345'),
('P155', 'Marco', 'Villa', '1951-11-19', 'Via Dante, 137', '0321 2620672'),
('P156', 'Barbara', 'De Santis', '1944-01-10', 'Via Leopardi, 155', '0322 5478872'),
('P157', 'Sara', 'Giordano', '1964-02-11', 'Via delle Coste, 118', '0331 2054932'),
('P158', 'Ornella', 'Amato', '1991-07-17', 'Corso Vittorio Emanuele, 23', '0342 1227530'),
('P159', 'Daniela', 'Lombardi', '1941-05-21', 'Via Mazzini, 178', '0327 0174268'),
('P160', 'Vera', 'Ferri', '1979-12-04', 'Via Petrarca, 76', '0341 9332727'),
('P161', 'Lara', 'Santoro', '1993-12-18', 'Via Napoli, 138', '0327 3918785'),
('P162', 'Ignazio', 'Russo', '1947-09-17', 'Via Roma, 147', '0398 2258713'),
('P163', 'Camilla', 'Marchesi', '2005-08-26', 'Via Galvani, 117', '0323 8679087'),
('P164', 'Roberta', 'Marini', '1942-07-09', 'Via Giuseppe Garibaldi, 56', '0312 1065180'),
('P165', 'Chiara', 'Bernardi', '2000-01-10', 'Viale Europa, 47', '0323 6567661'),
('P166', 'Rita', 'Guerra', '1957-11-28', 'Via Mazzini, 31', '0323 8682300'),
('P167', 'Sara', 'Bellini', '1994-09-13', 'Via Dante, 64', '0358 5243106'),
('P168', 'Eva', 'Mancini', '1966-02-04', 'Via Manzoni, 9', '0358 9030673'),
('P169', 'Giulia', 'Ferrari', '2004-05-08', 'Via del Popolo, 148', '0341 9953428'),
('P170', 'Enrico', 'Giordano', '1947-09-19', 'Via del Popolo, 45', '0342 8705685'),
('P171', 'Maria', 'Esposito', '1978-07-06', 'Via Aldo Moro, 138', '0358 3342708'),
('P172', 'Tommaso', 'Bruno', '2007-03-13', 'Via Dante, 66', '0327 5175183'),
('P173', 'Emanuele', 'Bellini', '1945-02-07', 'Via Aldo Moro, 151', '0398 3735403'),
('P174', 'Elena', 'Grasso', '2001-04-23', 'Via Manzoni, 53', '0342 3854678'),
('P175', 'Roberta', 'Costantini', '1986-09-16', 'Via Trieste, 26', '0358 5355609'),
('P176', 'Silvia', 'Costa', '1973-09-19', 'Via Leopardi, 107', '0331 2353693'),
('P177', 'Renato', 'Bellini', '1983-05-25', 'Via Napoli, 165', '0358 7252287'),
('P178', 'Franco', 'Pellegrini', '1947-09-02', 'Via Alcide De Gasperi, 172', '0321 0623120'),
('P179', 'Salvatore', 'Santoro', '1947-10-21', 'Via dei Mille, 158', '0358 7008860'),
('P180', 'Fabio', 'Vitale', '1976-01-17', 'Via San Francesco, 173', '0342 2118233'),
('P181', 'Ilaria', 'Testa', '1985-05-26', 'Via Cavour, 21', '0341 6793341'),
('P182', 'Piera', 'Valentini', '1944-02-13', 'Via Cavour, 97', '0398 7002176'),
('P183', 'Daniela', 'Serra', '1952-09-02', 'Via Dante, 55', '0312 7401489'),
('P184', 'Alessia', 'Bernardi', '1980-01-07', 'Via Leopardi, 37', '0342 1429396'),
('P185', 'Flavia', 'Barbieri', '1989-12-05', 'Via San Francesco, 21', '0398 5016315'),
('P186', 'Nadia', 'Basile', '1990-06-01', 'Via Petrarca, 70', '0358 7358662'),
('P187', 'Rita', 'Mariani', '1950-10-10', 'Via Dante, 19', '0322 4262655'),
('P188', 'Carlo', 'Lombardi', '1996-06-25', 'Via Milano, 27', '0323 1267888'),
('P189', 'Pietro', 'Marchesi', '1985-09-03', 'Via Manzoni, 154', '0341 6046618'),
('P190', 'Elisa', 'Serra', '2006-03-22', 'Via Cavour, 44', '0323 4447212'),
('P191', 'Tommaso', 'Lombardi', '2001-02-12', 'Via Milano, 64', '0358 9937124'),
('P192', 'Lorenzo', 'Barbieri', '1988-06-15', 'Corso Vittorio Emanuele, 111', '0312 2459375'),
('P193', 'Lorenzo', 'Moretti', '1977-12-23', 'Via Petrarca, 126', '0312 3564651'),
('P194', 'Martina', 'Coppola', '1963-11-25', 'Via Verdi, 7', '0358 3741672'),
('P195', 'Elisa', 'Costantini', '1959-12-14', 'Via Cavour, 19', '0358 9796886'),
('P196', 'Antonella', 'Fiore', '1950-02-25', 'Via Dante, 169', '0341 2909656'),
('P197', 'Giovanni', 'Costantini', '1968-09-24', 'Via Firenze, 143', '0312 9375679'),
('P198', 'Silvia', 'Fontana', '1943-08-04', 'Via Torino, 107', '0322 1254573'),
('P199', 'Patrizia', 'Leone', '1952-08-24', 'Via San Francesco, 116', '0341 1401051'),
('P200', 'Valentina', 'Bernardi', '1971-09-06', 'Via Verdi, 41', '0341 8673622');

INSERT INTO Medico (codice, nome, cognome, specializzazione, recapito) VALUES
('M001', 'Dalia', 'Rizzo', 'Neurologia', '0323 3544451'),
('M002', 'Ludovica', 'Manfredi', 'Cardiologia', '0341 9523395'),
('M003', 'Umberto', 'Borghi', 'Endocrinologia', '0358 0533869'),
('M004', 'Massimiliano', 'Rinaldis', 'Ortopedia', '0398 6363959'),
('M005', 'Alessia', 'Ferretti', 'Neurologia', '0342 6093796'),
('M006', 'Davide', 'Sartori', 'Cardiologia', '0342 0334191'),
('M007', 'Chiara', 'Bellucci', 'Endocrinologia', '0398 2553714'),
('M008', 'Simone', 'Greco', 'Ortopedia', '0358 8596969'),
('M009', 'Federica', 'Ricci', 'Dermatologia', '0322 5579249'),
('M010', 'Nicola', 'Marino', 'Pediatria', '0312 1251341'),
('M011', 'Silvia', 'Barone', 'Ginecologia', '0323 5286692'),
('M012', 'Andrea', 'Fabbri', 'Oncologia', '0312 6627828');

INSERT INTO Farmaco (codice, nome, princ_attivo, casa_farm) VALUES
('F001', 'Imigran', 'Sumatriptan', 'GSK'),
('F002', 'Cardioaspirina', 'Acido Acetilsalicilico', 'Bayer'),
('F003', 'Coumadin', 'Warfarin', 'Bristol-Myers'),
('F004', 'Metformina', 'Metformina', 'Merck'),
('F005', 'Eutirox', 'Levotiroxina', 'Merck'),
('F006', 'Voltaren', 'Diclofenac', 'Novartis'),
('F007', 'Tachipirina', 'Paracetamolo', 'Angelini'),
('F008', 'Augmentin', 'Amoxicillina/Acido Clavulanico', 'GSK'),
('F009', 'Zoloft', 'Sertralina', 'Pfizer'),
('F010', 'Xanax', 'Alprazolam', 'Pfizer'),
('F011', 'Lasix', 'Furosemide', 'Sanofi'),
('F012', 'Zantac', 'Ranitidina', 'GSK'),
('F013', 'Nurofen', 'Ibuprofene', 'Reckitt'),
('F014', 'Norvasc', 'Amlodipina', 'Pfizer'),
('F015', 'Lipitor', 'Atorvastatina', 'Pfizer'),
('F016', 'Prozac', 'Fluoxetina', 'Eli Lilly'),
('F017', 'Ventolin', 'Salbutamolo', 'GSK'),
('F018', 'Omeprazolo Teva', 'Omeprazolo', 'Teva'),
('F019', 'Bentelan', 'Betametasone', 'Defiante'),
('F020', 'Deltacortene', 'Prednisone', 'Bruno Farmaceutici'),
('F021', 'Zyrtec', 'Cetirizina', 'UCB'),
('F022', 'Enterogermina', 'Bacillus Clausii', 'Sanofi'),
('F023', 'Moment', 'Ibuprofene', 'Angelini'),
('F024', 'Diflucan', 'Fluconazolo', 'Pfizer'),
('F025', 'Aulin', 'Nimesulide', 'Roche'),
('F026', 'Losartan Teva', 'Losartan', 'Teva'),
('F027', 'Depakin', 'Acido Valproico', 'Sanofi'),
('F028', 'Rivotril', 'Clonazepam', 'Roche'),
('F029', 'Motilium', 'Domperidone', 'Johnson & Johnson'),
('F030', 'Buscopan', 'Butilscopolamina', 'Sanofi'),
('F031', 'Clarityn', 'Loratadina', 'Bayer'),
('F032', 'Insulina Lantus', 'Insulina Glargine', 'Sanofi'),
('F033', 'Micardis', 'Telmisartan', 'Boehringer Ingelheim'),
('F034', 'Symbicort', 'Budesonide/Formoterolo', 'AstraZeneca'),
('F035', 'Diamicron', 'Gliclazide', 'Servier'),
('F036', 'Priligy', 'Dapoxetina', 'Menarini'),
('F037', 'Levotiroxina EG', 'Levotiroxina', 'EG Stada'),
('F038', 'Cortisone Acetato', 'Cortisone', 'Bruno Farmaceutici'),
('F039', 'Antra', 'Omeprazolo', 'AstraZeneca'),
('F040', 'Muscoril', 'Tiocolchicoside', 'Sanofi');

INSERT INTO Visita (id, data, ora, motivo, note, costo, paziente_codice, medico_codice) VALUES
('V001', '2025-01-10', '09:00', 'Controllo cardiaco', 'Pressione alta', 50.00, 'P001', 'M002'),
('V002', '2025-01-15', '10:30', 'Mal di testa ricorrente', 'Possibile emicrania', 60.00, 'P002', 'M001'),
('V003', '2025-02-05', '11:00', 'Controllo cardiaco', 'Aritmia lieve', 50.00, 'P003', 'M002'),
('V004', '2025-02-18', '14:00', 'Cefalea cronica', 'Emicrania con aura', 60.00, 'P003', 'M001'),
('V005', '2025-03-06', '09:30', 'Dolore articolare', 'Artrosi al ginocchio', 55.00, 'P004', 'M004'),
('V006', '2025-03-18', '11:30', 'Controllo glicemia', 'Diabete di tipo 2', 45.00, 'P004', 'M003'),
('V007', '2025-04-19', '10:00', 'Controllo tiroide', 'Ipotiroidismo', 45.00, 'P005', 'M003'),
('V008', '2025-05-10', '15:00', 'Dolore alla schiena', 'Ernia lombare', 55.00, 'P006', 'M004'),
('V009', '2025-05-22', '09:00', 'Controllo cardiaco', 'Colesterolo alto', 50.00, 'P001', 'M002'),
('V010', '2025-06-03', '11:00', 'Controllo glicemia', 'Valori nella norma', 45.00, 'P005', 'M003'),
('V011', '2023-03-11', '16:00', 'Trauma sportivo', 'Distorsione alla caviglia', 55.00, 'P043', 'M008'),
('V012', '2023-04-27', '15:45', 'Vertigini', 'Da approfondire con esami strumentali', 60.00, 'P092', 'M001'),
('V013', '2024-12-27', '16:45', 'Visita di controllo', 'Nessuna anomalia', 55.00, 'P105', 'M011'),
('V014', '2023-05-02', '13:15', 'Controllo cardiaco', 'Pressione alta', 50.00, 'P043', 'M002'),
('V015', '2024-10-24', '16:00', 'Cefalea cronica', 'Emicrania con aura', 60.00, 'P138', 'M005'),
('V016', '2025-06-18', '09:45', 'Controllo cardiaco', 'Colesterolo alto', 50.00, 'P147', 'M002'),
('V017', '2023-12-27', '12:30', 'Controllo post-frattura', 'Guarigione regolare', 55.00, 'P140', 'M004'),
('V018', '2024-02-15', '10:15', 'Trauma sportivo', 'Distorsione alla caviglia', 55.00, 'P009', 'M008'),
('V019', '2025-10-21', '15:15', 'Visita di controllo', 'Esami nella norma', 70.00, 'P054', 'M012'),
('V020', '2023-01-19', '14:30', 'Controllo tiroide', 'Ipotiroidismo', 45.00, 'P158', 'M003'),
('V021', '2024-12-10', '13:30', 'Controllo nei', 'Nessuna lesione sospetta', 50.00, 'P153', 'M009'),
('V022', '2023-07-02', '13:15', 'Controllo ginecologico', 'Di routine', 55.00, 'P132', 'M011'),
('V023', '2023-12-11', '12:45', 'Controllo tiroide', 'Ipotiroidismo', 45.00, 'P180', 'M003'),
('V024', '2025-07-13', '16:00', 'Controllo glicemia', 'Valori nella norma', 45.00, 'P126', 'M003'),
('V025', '2025-12-09', '14:45', 'Dolore toracico', 'Da monitorare', 50.00, 'P163', 'M002'),
('V026', '2025-02-24', '16:30', 'Controllo cardiaco', 'Pressione alta', 50.00, 'P125', 'M006'),
('V027', '2023-07-27', '12:45', 'Dermatite', 'Da contatto', 50.00, 'P017', 'M009'),
('V028', '2024-09-19', '11:45', 'Controllo cardiaco', 'Colesterolo alto', 50.00, 'P069', 'M006'),
('V029', '2023-02-21', '16:00', 'Controllo ginecologico', 'Di routine', 55.00, 'P088', 'M011'),
('V030', '2024-01-14', '12:15', 'Squilibrio ormonale', 'Da approfondire', 45.00, 'P032', 'M003'),
('V031', '2024-02-21', '14:30', 'Cefalea cronica', 'Emicrania con aura', 60.00, 'P167', 'M005'),
('V032', '2023-07-21', '13:15', 'Controllo cardiaco', 'Aritmia lieve', 50.00, 'P022', 'M006'),
('V033', '2025-02-01', '12:45', 'Controllo ginecologico', 'Di routine', 55.00, 'P110', 'M011'),
('V034', '2025-11-15', '09:00', 'Controllo tiroide', 'Ipotiroidismo', 45.00, 'P020', 'M003'),
('V035', '2024-12-05', '16:00', 'Controllo cardiaco', 'Pressione alta', 50.00, 'P179', 'M006'),
('V036', '2025-02-04', '14:30', 'Controllo glicemia', 'Diabete di tipo 2', 45.00, 'P059', 'M007'),
('V037', '2023-11-22', '11:00', 'Squilibrio ormonale', 'Da approfondire', 45.00, 'P077', 'M003'),
('V038', '2025-11-06', '16:30', 'Controllo di routine', 'Crescita regolare', 40.00, 'P136', 'M010'),
('V039', '2024-10-22', '16:15', 'Dolore alla schiena', 'Ernia lombare', 55.00, 'P185', 'M004'),
('V040', '2023-10-24', '15:30', 'Controllo cardiaco', 'Aritmia lieve', 50.00, 'P023', 'M002'),
('V041', '2023-05-21', '10:15', 'Controllo cardiaco', 'Aritmia lieve', 50.00, 'P110', 'M006'),
('V042', '2025-10-10', '09:30', 'Vaccinazione', 'Nessuna reazione avversa', 40.00, 'P142', 'M010'),
('V043', '2025-04-24', '15:30', 'Acne', 'Trattamento in corso', 50.00, 'P053', 'M009'),
('V044', '2024-07-04', '12:45', 'Cefalea cronica', 'Emicrania con aura', 60.00, 'P166', 'M001'),
('V045', '2025-01-12', '14:15', 'Controllo di routine', 'Crescita regolare', 40.00, 'P164', 'M010'),
('V046', '2024-09-22', '11:45', 'Febbre', 'Sindrome influenzale', 40.00, 'P100', 'M010'),
('V047', '2025-02-01', '13:15', 'Controllo cardiaco', 'Pressione alta', 50.00, 'P198', 'M002'),
('V048', '2025-05-21', '17:45', 'Vertigini', 'Da approfondire con esami strumentali', 60.00, 'P011', 'M001'),
('V049', '2023-11-18', '17:15', 'Visita di controllo', 'Esami nella norma', 70.00, 'P109', 'M012'),
('V050', '2023-09-07', '11:30', 'Controllo cardiaco', 'Colesterolo alto', 50.00, 'P072', 'M002'),
('V051', '2025-11-21', '10:30', 'Vaccinazione', 'Nessuna reazione avversa', 40.00, 'P101', 'M010'),
('V052', '2023-04-03', '15:00', 'Controllo tiroide', 'Ipotiroidismo', 45.00, 'P179', 'M007'),
('V053', '2023-05-22', '11:00', 'Vaccinazione', 'Nessuna reazione avversa', 40.00, 'P117', 'M010'),
('V054', '2025-01-06', '16:30', 'Controllo oncologico', 'Follow-up post trattamento', 70.00, 'P004', 'M012'),
('V055', '2024-03-12', '11:30', 'Acne', 'Trattamento in corso', 50.00, 'P134', 'M009'),
('V056', '2024-07-09', '17:00', 'Controllo cardiaco', 'Pressione alta', 50.00, 'P188', 'M002'),
('V057', '2024-08-17', '14:00', 'Controllo oncologico', 'Follow-up post trattamento', 70.00, 'P068', 'M012'),
('V058', '2024-03-09', '10:00', 'Controllo di routine', 'Crescita regolare', 40.00, 'P128', 'M010'),
('V059', '2023-01-08', '09:45', 'Controllo oncologico', 'Follow-up post trattamento', 70.00, 'P059', 'M012'),
('V060', '2023-01-18', '15:15', 'Controllo tiroide', 'Ipotiroidismo', 45.00, 'P094', 'M007'),
('V061', '2025-06-09', '10:30', 'Controllo post-frattura', 'Guarigione regolare', 55.00, 'P083', 'M004'),
('V062', '2023-03-08', '17:00', 'Acne', 'Trattamento in corso', 50.00, 'P031', 'M009'),
('V063', '2024-05-11', '10:45', 'Dolore toracico', 'Da monitorare', 50.00, 'P103', 'M002'),
('V064', '2024-10-26', '13:15', 'Controllo cardiaco', 'Aritmia lieve', 50.00, 'P003', 'M006'),
('V065', '2023-12-18', '12:15', 'Dolore toracico', 'Da monitorare', 50.00, 'P119', 'M006'),
('V066', '2023-09-12', '09:30', 'Controllo glicemia', 'Diabete di tipo 2', 45.00, 'P002', 'M007'),
('V067', '2025-12-10', '10:15', 'Visita di controllo', 'Nessuna anomalia', 55.00, 'P001', 'M011'),
('V068', '2024-01-05', '13:00', 'Controllo post-frattura', 'Guarigione regolare', 55.00, 'P136', 'M004'),
('V069', '2025-06-15', '10:00', 'Controllo post-frattura', 'Guarigione regolare', 55.00, 'P012', 'M004'),
('V070', '2023-10-19', '09:45', 'Squilibrio ormonale', 'Da approfondire', 45.00, 'P130', 'M003'),
('V071', '2024-05-28', '14:45', 'Controllo tiroide', 'Ipotiroidismo', 45.00, 'P170', 'M003'),
('V072', '2024-08-09', '12:00', 'Visita di controllo', 'Esami nella norma', 70.00, 'P180', 'M012'),
('V073', '2023-02-06', '16:45', 'Controllo glicemia', 'Diabete di tipo 2', 45.00, 'P052', 'M003'),
('V074', '2025-06-25', '12:45', 'Controllo glicemia', 'Diabete di tipo 2', 45.00, 'P081', 'M007'),
('V075', '2023-02-06', '13:00', 'Trauma sportivo', 'Distorsione alla caviglia', 55.00, 'P079', 'M008'),
('V076', '2023-12-08', '14:45', 'Controllo cardiaco', 'Aritmia lieve', 50.00, 'P056', 'M006'),
('V077', '2024-03-01', '15:45', 'Controllo neurologico', 'Nessuna anomalia rilevata', 60.00, 'P132', 'M001'),
('V078', '2023-08-04', '11:00', 'Controllo oncologico', 'Follow-up post trattamento', 70.00, 'P143', 'M012'),
('V079', '2023-04-27', '15:30', 'Cefalea cronica', 'Emicrania con aura', 60.00, 'P004', 'M001'),
('V080', '2025-10-09', '10:00', 'Controllo ginecologico', 'Di routine', 55.00, 'P176', 'M011'),
('V081', '2023-02-28', '14:00', 'Controllo post-frattura', 'Guarigione regolare', 55.00, 'P017', 'M004'),
('V082', '2023-10-14', '15:45', 'Dolore articolare', 'Artrosi al ginocchio', 55.00, 'P011', 'M008'),
('V083', '2023-06-07', '11:30', 'Squilibrio ormonale', 'Da approfondire', 45.00, 'P008', 'M007'),
('V084', '2023-10-20', '12:30', 'Dolore alla schiena', 'Ernia lombare', 55.00, 'P072', 'M008'),
('V085', '2023-02-09', '15:15', 'Squilibrio ormonale', 'Da approfondire', 45.00, 'P128', 'M007'),
('V086', '2025-09-26', '09:45', 'Dolore alla schiena', 'Ernia lombare', 55.00, 'P108', 'M004'),
('V087', '2025-08-12', '17:30', 'Dolore toracico', 'Da monitorare', 50.00, 'P183', 'M006'),
('V088', '2023-06-20', '12:00', 'Cefalea cronica', 'Emicrania con aura', 60.00, 'P100', 'M005'),
('V089', '2024-09-12', '12:15', 'Mal di testa ricorrente', 'Possibile emicrania', 60.00, 'P200', 'M005'),
('V090', '2024-09-27', '09:15', 'Dolore alla schiena', 'Ernia lombare', 55.00, 'P026', 'M004'),
('V091', '2023-03-08', '14:30', 'Controllo glicemia', 'Valori nella norma', 45.00, 'P148', 'M007'),
('V092', '2025-10-05', '12:45', 'Controllo neurologico', 'Nessuna anomalia rilevata', 60.00, 'P152', 'M001'),
('V093', '2024-01-03', '09:15', 'Cefalea cronica', 'Emicrania con aura', 60.00, 'P139', 'M005'),
('V094', '2025-08-01', '14:15', 'Dolore articolare', 'Artrosi al ginocchio', 55.00, 'P155', 'M004'),
('V095', '2024-01-01', '11:15', 'Controllo cardiaco', 'Aritmia lieve', 50.00, 'P034', 'M006'),
('V096', '2023-06-23', '15:00', 'Controllo cardiaco', 'Colesterolo alto', 50.00, 'P199', 'M002'),
('V097', '2023-03-24', '15:45', 'Controllo neurologico', 'Nessuna anomalia rilevata', 60.00, 'P087', 'M005'),
('V098', '2025-09-23', '14:15', 'Controllo cardiaco', 'Aritmia lieve', 50.00, 'P167', 'M006'),
('V099', '2024-05-24', '13:15', 'Controllo di routine', 'Crescita regolare', 40.00, 'P171', 'M010'),
('V100', '2025-10-13', '09:15', 'Controllo oncologico', 'Follow-up post trattamento', 70.00, 'P046', 'M012'),
('V101', '2025-10-04', '16:15', 'Controllo cardiaco', 'Aritmia lieve', 50.00, 'P155', 'M006'),
('V102', '2023-06-11', '11:00', 'Controllo oncologico', 'Follow-up post trattamento', 70.00, 'P085', 'M012'),
('V103', '2024-01-09', '12:15', 'Visita di controllo', 'Nessuna anomalia', 55.00, 'P182', 'M011'),
('V104', '2024-02-24', '09:00', 'Controllo cardiaco', 'Colesterolo alto', 50.00, 'P178', 'M002'),
('V105', '2023-07-16', '15:30', 'Controllo post-frattura', 'Guarigione regolare', 55.00, 'P099', 'M008'),
('V106', '2024-10-21', '12:15', 'Controllo glicemia', 'Diabete di tipo 2', 45.00, 'P140', 'M007'),
('V107', '2024-01-11', '13:00', 'Controllo cardiaco', 'Pressione alta', 50.00, 'P116', 'M002'),
('V108', '2024-03-24', '10:00', 'Controllo cardiaco', 'Aritmia lieve', 50.00, 'P019', 'M006'),
('V109', '2024-12-01', '15:15', 'Vaccinazione', 'Nessuna reazione avversa', 40.00, 'P087', 'M010'),
('V110', '2023-02-11', '12:15', 'Controllo tiroide', 'Ipotiroidismo', 45.00, 'P156', 'M007'),
('V111', '2025-05-10', '12:00', 'Visita di controllo', 'Esami nella norma', 70.00, 'P105', 'M012'),
('V112', '2023-01-12', '09:45', 'Squilibrio ormonale', 'Da approfondire', 45.00, 'P013', 'M007'),
('V113', '2023-02-01', '12:15', 'Vertigini', 'Da approfondire con esami strumentali', 60.00, 'P023', 'M005'),
('V114', '2024-02-10', '15:45', 'Mal di testa ricorrente', 'Possibile emicrania', 60.00, 'P164', 'M005'),
('V115', '2023-11-18', '15:15', 'Visita di controllo', 'Nessuna anomalia', 55.00, 'P126', 'M011'),
('V116', '2023-08-02', '13:45', 'Controllo glicemia', 'Valori nella norma', 45.00, 'P095', 'M007'),
('V117', '2024-10-02', '11:00', 'Cefalea cronica', 'Emicrania con aura', 60.00, 'P120', 'M005'),
('V118', '2025-07-25', '12:00', 'Visita di controllo', 'Nessuna anomalia', 55.00, 'P022', 'M011'),
('V119', '2025-11-28', '16:15', 'Dermatite', 'Da contatto', 50.00, 'P100', 'M009'),
('V120', '2024-12-02', '17:15', 'Mal di testa ricorrente', 'Possibile emicrania', 60.00, 'P122', 'M005'),
('V121', '2023-04-26', '12:15', 'Dolore alla schiena', 'Ernia lombare', 55.00, 'P031', 'M008'),
('V122', '2025-07-07', '11:30', 'Controllo glicemia', 'Diabete di tipo 2', 45.00, 'P011', 'M007'),
('V123', '2023-07-18', '15:30', 'Controllo oncologico', 'Follow-up post trattamento', 70.00, 'P082', 'M012'),
('V124', '2023-12-20', '17:45', 'Dermatite', 'Da contatto', 50.00, 'P071', 'M009'),
('V125', '2023-10-19', '10:00', 'Controllo tiroide', 'Ipotiroidismo', 45.00, 'P029', 'M007'),
('V126', '2025-06-14', '13:45', 'Controllo cardiaco', 'Colesterolo alto', 50.00, 'P145', 'M002'),
('V127', '2023-03-09', '15:15', 'Controllo post-frattura', 'Guarigione regolare', 55.00, 'P168', 'M008'),
('V128', '2025-07-02', '15:30', 'Vaccinazione', 'Nessuna reazione avversa', 40.00, 'P159', 'M010'),
('V129', '2025-08-09', '14:00', 'Dolore articolare', 'Artrosi al ginocchio', 55.00, 'P177', 'M004'),
('V130', '2024-08-28', '10:15', 'Controllo neurologico', 'Nessuna anomalia rilevata', 60.00, 'P087', 'M005'),
('V131', '2024-05-24', '15:00', 'Vertigini', 'Da approfondire con esami strumentali', 60.00, 'P035', 'M005'),
('V132', '2024-12-16', '17:30', 'Dolore alla schiena', 'Ernia lombare', 55.00, 'P049', 'M008'),
('V133', '2023-05-23', '17:45', 'Controllo nei', 'Nessuna lesione sospetta', 50.00, 'P015', 'M009'),
('V134', '2023-03-07', '12:00', 'Acne', 'Trattamento in corso', 50.00, 'P035', 'M009'),
('V135', '2023-06-23', '12:30', 'Vertigini', 'Da approfondire con esami strumentali', 60.00, 'P064', 'M001'),
('V136', '2025-02-22', '09:15', 'Controllo post-frattura', 'Guarigione regolare', 55.00, 'P095', 'M008'),
('V137', '2023-08-19', '17:30', 'Controllo post-frattura', 'Guarigione regolare', 55.00, 'P096', 'M008'),
('V138', '2025-12-03', '13:00', 'Controllo glicemia', 'Valori nella norma', 45.00, 'P089', 'M003'),
('V139', '2025-04-28', '12:15', 'Cefalea cronica', 'Emicrania con aura', 60.00, 'P099', 'M001'),
('V140', '2025-07-17', '09:00', 'Trauma sportivo', 'Distorsione alla caviglia', 55.00, 'P174', 'M004'),
('V141', '2025-01-08', '13:30', 'Controllo tiroide', 'Ipotiroidismo', 45.00, 'P122', 'M003'),
('V142', '2024-07-28', '14:45', 'Visita di controllo', 'Esami nella norma', 70.00, 'P183', 'M012'),
('V143', '2024-11-17', '15:00', 'Controllo post-frattura', 'Guarigione regolare', 55.00, 'P065', 'M004'),
('V144', '2024-09-21', '13:30', 'Acne', 'Trattamento in corso', 50.00, 'P002', 'M009'),
('V145', '2023-06-09', '14:30', 'Dolore toracico', 'Da monitorare', 50.00, 'P176', 'M002'),
('V146', '2023-03-17', '12:00', 'Visita di controllo', 'Nessuna anomalia', 55.00, 'P067', 'M011'),
('V147', '2025-03-24', '09:45', 'Controllo glicemia', 'Valori nella norma', 45.00, 'P154', 'M007'),
('V148', '2024-07-24', '09:15', 'Vertigini', 'Da approfondire con esami strumentali', 60.00, 'P076', 'M005'),
('V149', '2025-09-21', '16:30', 'Controllo oncologico', 'Follow-up post trattamento', 70.00, 'P088', 'M012'),
('V150', '2025-09-06', '13:00', 'Cefalea cronica', 'Emicrania con aura', 60.00, 'P130', 'M005'),
('V151', '2025-09-25', '11:30', 'Controllo glicemia', 'Valori nella norma', 45.00, 'P121', 'M003'),
('V152', '2024-04-24', '13:45', 'Controllo cardiaco', 'Aritmia lieve', 50.00, 'P168', 'M002'),
('V153', '2025-05-15', '10:45', 'Controllo cardiaco', 'Colesterolo alto', 50.00, 'P085', 'M006'),
('V154', '2024-04-17', '10:45', 'Controllo ginecologico', 'Di routine', 55.00, 'P014', 'M011'),
('V155', '2023-03-05', '12:30', 'Vertigini', 'Da approfondire con esami strumentali', 60.00, 'P136', 'M005'),
('V156', '2023-06-28', '11:00', 'Febbre', 'Sindrome influenzale', 40.00, 'P105', 'M010'),
('V157', '2024-11-02', '09:45', 'Controllo cardiaco', 'Aritmia lieve', 50.00, 'P125', 'M006'),
('V158', '2025-03-16', '10:15', 'Dolore alla schiena', 'Ernia lombare', 55.00, 'P071', 'M004'),
('V159', '2024-07-16', '15:00', 'Squilibrio ormonale', 'Da approfondire', 45.00, 'P158', 'M007'),
('V160', '2025-06-01', '14:15', 'Controllo nei', 'Nessuna lesione sospetta', 50.00, 'P010', 'M009'),
('V161', '2025-12-08', '12:30', 'Controllo ginecologico', 'Di routine', 55.00, 'P005', 'M011'),
('V162', '2024-09-19', '13:15', 'Controllo glicemia', 'Diabete di tipo 2', 45.00, 'P080', 'M003'),
('V163', '2024-08-24', '17:30', 'Controllo neurologico', 'Nessuna anomalia rilevata', 60.00, 'P017', 'M001'),
('V164', '2024-08-12', '12:15', 'Controllo ginecologico', 'Di routine', 55.00, 'P112', 'M011'),
('V165', '2023-12-05', '12:00', 'Cefalea cronica', 'Emicrania con aura', 60.00, 'P104', 'M001'),
('V166', '2023-06-23', '09:45', 'Controllo nei', 'Nessuna lesione sospetta', 50.00, 'P151', 'M009'),
('V167', '2025-01-22', '10:00', 'Mal di testa ricorrente', 'Possibile emicrania', 60.00, 'P164', 'M005'),
('V168', '2024-08-13', '10:30', 'Controllo oncologico', 'Follow-up post trattamento', 70.00, 'P013', 'M012'),
('V169', '2023-12-22', '09:30', 'Controllo oncologico', 'Follow-up post trattamento', 70.00, 'P122', 'M012'),
('V170', '2025-09-09', '11:45', 'Controllo ginecologico', 'Di routine', 55.00, 'P108', 'M011'),
('V171', '2025-02-10', '10:00', 'Acne', 'Trattamento in corso', 50.00, 'P027', 'M009'),
('V172', '2024-09-07', '14:45', 'Dolore alla schiena', 'Ernia lombare', 55.00, 'P128', 'M004'),
('V173', '2025-08-07', '16:30', 'Controllo glicemia', 'Diabete di tipo 2', 45.00, 'P076', 'M003'),
('V174', '2025-02-04', '16:15', 'Mal di testa ricorrente', 'Possibile emicrania', 60.00, 'P061', 'M001'),
('V175', '2025-12-04', '13:15', 'Controllo nei', 'Nessuna lesione sospetta', 50.00, 'P024', 'M009'),
('V176', '2024-01-04', '11:00', 'Controllo neurologico', 'Nessuna anomalia rilevata', 60.00, 'P117', 'M005'),
('V177', '2024-12-04', '10:00', 'Controllo cardiaco', 'Colesterolo alto', 50.00, 'P075', 'M006'),
('V178', '2024-06-15', '13:00', 'Controllo tiroide', 'Ipotiroidismo', 45.00, 'P003', 'M003'),
('V179', '2023-07-13', '16:30', 'Controllo cardiaco', 'Aritmia lieve', 50.00, 'P096', 'M006'),
('V180', '2024-11-26', '11:00', 'Visita di controllo', 'Esami nella norma', 70.00, 'P099', 'M012'),
('V181', '2023-02-14', '16:45', 'Controllo oncologico', 'Follow-up post trattamento', 70.00, 'P034', 'M012'),
('V182', '2024-10-01', '11:45', 'Febbre', 'Sindrome influenzale', 40.00, 'P047', 'M010'),
('V183', '2024-01-03', '13:30', 'Dolore toracico', 'Da monitorare', 50.00, 'P125', 'M002'),
('V184', '2025-06-17', '17:00', 'Controllo oncologico', 'Follow-up post trattamento', 70.00, 'P004', 'M012'),
('V185', '2024-06-22', '15:15', 'Controllo ginecologico', 'Di routine', 55.00, 'P111', 'M011'),
('V186', '2023-11-06', '17:45', 'Controllo di routine', 'Crescita regolare', 40.00, 'P143', 'M010'),
('V187', '2024-06-08', '14:30', 'Controllo glicemia', 'Diabete di tipo 2', 45.00, 'P127', 'M003'),
('V188', '2025-11-13', '15:15', 'Controllo nei', 'Nessuna lesione sospetta', 50.00, 'P013', 'M009'),
('V189', '2025-08-03', '16:45', 'Controllo post-frattura', 'Guarigione regolare', 55.00, 'P021', 'M008'),
('V190', '2025-11-01', '10:45', 'Dolore toracico', 'Da monitorare', 50.00, 'P081', 'M002'),
('V191', '2023-10-20', '13:15', 'Mal di testa ricorrente', 'Possibile emicrania', 60.00, 'P106', 'M001'),
('V192', '2024-06-27', '09:15', 'Visita di controllo', 'Nessuna anomalia', 55.00, 'P168', 'M011'),
('V193', '2025-11-12', '16:00', 'Dolore toracico', 'Da monitorare', 50.00, 'P117', 'M006'),
('V194', '2023-06-12', '13:30', 'Controllo ginecologico', 'Di routine', 55.00, 'P025', 'M011'),
('V195', '2023-08-05', '15:00', 'Controllo cardiaco', 'Pressione alta', 50.00, 'P180', 'M002'),
('V196', '2023-02-28', '15:15', 'Controllo di routine', 'Crescita regolare', 40.00, 'P066', 'M010'),
('V197', '2023-07-02', '10:45', 'Trauma sportivo', 'Distorsione alla caviglia', 55.00, 'P118', 'M004'),
('V198', '2024-01-17', '09:45', 'Controllo ginecologico', 'Di routine', 55.00, 'P118', 'M011'),
('V199', '2025-10-06', '11:00', 'Dolore alla schiena', 'Ernia lombare', 55.00, 'P150', 'M008'),
('V200', '2025-07-14', '12:30', 'Visita di controllo', 'Nessuna anomalia', 55.00, 'P100', 'M011'),
('V201', '2024-03-05', '15:30', 'Controllo cardiaco', 'Colesterolo alto', 50.00, 'P102', 'M006'),
('V202', '2025-12-18', '12:15', 'Dermatite', 'Da contatto', 50.00, 'P180', 'M009'),
('V203', '2024-11-12', '11:15', 'Vaccinazione', 'Nessuna reazione avversa', 40.00, 'P054', 'M010'),
('V204', '2025-06-23', '10:30', 'Acne', 'Trattamento in corso', 50.00, 'P129', 'M009'),
('V205', '2025-12-27', '17:30', 'Controllo post-frattura', 'Guarigione regolare', 55.00, 'P144', 'M008'),
('V206', '2023-07-05', '09:00', 'Mal di testa ricorrente', 'Possibile emicrania', 60.00, 'P109', 'M001'),
('V207', '2024-11-09', '11:00', 'Cefalea cronica', 'Emicrania con aura', 60.00, 'P052', 'M005'),
('V208', '2025-01-12', '16:00', 'Cefalea cronica', 'Emicrania con aura', 60.00, 'P177', 'M005'),
('V209', '2025-11-18', '15:15', 'Controllo ginecologico', 'Di routine', 55.00, 'P158', 'M011'),
('V210', '2025-11-02', '15:45', 'Visita di controllo', 'Esami nella norma', 70.00, 'P131', 'M012'),
('V211', '2025-01-01', '13:15', 'Visita di controllo', 'Nessuna anomalia', 55.00, 'P107', 'M011'),
('V212', '2025-12-23', '14:15', 'Dolore alla schiena', 'Ernia lombare', 55.00, 'P159', 'M008'),
('V213', '2024-08-06', '10:15', 'Controllo oncologico', 'Follow-up post trattamento', 70.00, 'P199', 'M012'),
('V214', '2024-01-14', '13:30', 'Controllo oncologico', 'Follow-up post trattamento', 70.00, 'P045', 'M012'),
('V215', '2023-06-15', '11:00', 'Controllo glicemia', 'Valori nella norma', 45.00, 'P034', 'M003'),
('V216', '2025-10-27', '13:45', 'Controllo cardiaco', 'Pressione alta', 50.00, 'P040', 'M006'),
('V217', '2023-12-11', '17:15', 'Dermatite', 'Da contatto', 50.00, 'P147', 'M009'),
('V218', '2025-03-14', '17:45', 'Controllo nei', 'Nessuna lesione sospetta', 50.00, 'P048', 'M009'),
('V219', '2023-11-11', '14:30', 'Controllo cardiaco', 'Aritmia lieve', 50.00, 'P024', 'M006'),
('V220', '2025-11-01', '10:30', 'Controllo post-frattura', 'Guarigione regolare', 55.00, 'P076', 'M004'),
('V221', '2023-11-11', '15:00', 'Dolore alla schiena', 'Ernia lombare', 55.00, 'P115', 'M004'),
('V222', '2023-09-27', '14:45', 'Controllo neurologico', 'Nessuna anomalia rilevata', 60.00, 'P099', 'M005'),
('V223', '2025-04-11', '17:00', 'Controllo neurologico', 'Nessuna anomalia rilevata', 60.00, 'P125', 'M001'),
('V224', '2025-02-07', '12:45', 'Controllo glicemia', 'Diabete di tipo 2', 45.00, 'P025', 'M003'),
('V225', '2025-02-24', '11:00', 'Controllo post-frattura', 'Guarigione regolare', 55.00, 'P027', 'M004'),
('V226', '2023-02-03', '09:15', 'Visita di controllo', 'Esami nella norma', 70.00, 'P118', 'M012'),
('V227', '2025-04-09', '15:45', 'Controllo nei', 'Nessuna lesione sospetta', 50.00, 'P065', 'M009'),
('V228', '2024-06-01', '15:00', 'Visita di controllo', 'Nessuna anomalia', 55.00, 'P116', 'M011'),
('V229', '2025-10-02', '10:30', 'Mal di testa ricorrente', 'Possibile emicrania', 60.00, 'P137', 'M001'),
('V230', '2025-05-20', '10:30', 'Controllo cardiaco', 'Colesterolo alto', 50.00, 'P129', 'M002'),
('V231', '2024-11-01', '16:15', 'Controllo post-frattura', 'Guarigione regolare', 55.00, 'P196', 'M008'),
('V232', '2025-07-26', '17:30', 'Dolore alla schiena', 'Ernia lombare', 55.00, 'P137', 'M004'),
('V233', '2025-12-21', '14:00', 'Controllo glicemia', 'Valori nella norma', 45.00, 'P163', 'M003'),
('V234', '2023-01-01', '15:00', 'Controllo nei', 'Nessuna lesione sospetta', 50.00, 'P142', 'M009'),
('V235', '2023-07-21', '17:15', 'Trauma sportivo', 'Distorsione alla caviglia', 55.00, 'P079', 'M004'),
('V236', '2025-05-07', '10:15', 'Controllo tiroide', 'Ipotiroidismo', 45.00, 'P042', 'M003'),
('V237', '2025-08-21', '17:00', 'Controllo di routine', 'Crescita regolare', 40.00, 'P172', 'M010'),
('V238', '2024-02-07', '16:30', 'Controllo ginecologico', 'Di routine', 55.00, 'P075', 'M011'),
('V239', '2023-05-20', '10:15', 'Controllo tiroide', 'Ipotiroidismo', 45.00, 'P092', 'M003'),
('V240', '2024-10-22', '13:15', 'Controllo post-frattura', 'Guarigione regolare', 55.00, 'P082', 'M008'),
('V241', '2024-07-06', '09:30', 'Febbre', 'Sindrome influenzale', 40.00, 'P145', 'M010'),
('V242', '2024-06-05', '14:45', 'Controllo post-frattura', 'Guarigione regolare', 55.00, 'P064', 'M004'),
('V243', '2024-08-18', '10:15', 'Trauma sportivo', 'Distorsione alla caviglia', 55.00, 'P119', 'M008'),
('V244', '2024-03-18', '12:30', 'Controllo di routine', 'Crescita regolare', 40.00, 'P166', 'M010'),
('V245', '2025-02-01', '17:00', 'Controllo ginecologico', 'Di routine', 55.00, 'P188', 'M011'),
('V246', '2025-04-02', '17:30', 'Febbre', 'Sindrome influenzale', 40.00, 'P149', 'M010'),
('V247', '2025-03-12', '15:15', 'Dermatite', 'Da contatto', 50.00, 'P140', 'M009'),
('V248', '2024-03-15', '17:00', 'Vaccinazione', 'Nessuna reazione avversa', 40.00, 'P198', 'M010'),
('V249', '2025-04-28', '11:15', 'Controllo cardiaco', 'Pressione alta', 50.00, 'P102', 'M006'),
('V250', '2025-10-22', '11:45', 'Controllo tiroide', 'Ipotiroidismo', 45.00, 'P115', 'M003'),
('V251', '2024-04-03', '13:30', 'Cefalea cronica', 'Emicrania con aura', 60.00, 'P092', 'M001'),
('V252', '2025-06-13', '16:45', 'Cefalea cronica', 'Emicrania con aura', 60.00, 'P060', 'M001'),
('V253', '2023-12-17', '13:30', 'Controllo neurologico', 'Nessuna anomalia rilevata', 60.00, 'P012', 'M001'),
('V254', '2023-07-21', '15:30', 'Acne', 'Trattamento in corso', 50.00, 'P149', 'M009'),
('V255', '2025-05-13', '12:45', 'Controllo ginecologico', 'Di routine', 55.00, 'P151', 'M011'),
('V256', '2024-10-01', '17:15', 'Dolore toracico', 'Da monitorare', 50.00, 'P091', 'M006'),
('V257', '2023-09-21', '13:15', 'Controllo tiroide', 'Ipotiroidismo', 45.00, 'P113', 'M003'),
('V258', '2024-10-23', '10:15', 'Controllo tiroide', 'Ipotiroidismo', 45.00, 'P039', 'M003'),
('V259', '2024-11-16', '16:15', 'Controllo cardiaco', 'Pressione alta', 50.00, 'P107', 'M006'),
('V260', '2023-04-02', '11:15', 'Squilibrio ormonale', 'Da approfondire', 45.00, 'P152', 'M003'),
('V261', '2025-03-02', '11:30', 'Controllo ginecologico', 'Di routine', 55.00, 'P035', 'M011'),
('V262', '2025-10-21', '09:30', 'Dermatite', 'Da contatto', 50.00, 'P047', 'M009'),
('V263', '2025-08-28', '16:15', 'Controllo post-frattura', 'Guarigione regolare', 55.00, 'P022', 'M004'),
('V264', '2025-03-20', '17:30', 'Controllo tiroide', 'Ipotiroidismo', 45.00, 'P057', 'M007'),
('V265', '2024-10-19', '10:15', 'Visita di controllo', 'Esami nella norma', 70.00, 'P043', 'M012'),
('V266', '2023-01-07', '17:45', 'Controllo tiroide', 'Ipotiroidismo', 45.00, 'P097', 'M007'),
('V267', '2023-08-20', '09:00', 'Controllo di routine', 'Crescita regolare', 40.00, 'P039', 'M010'),
('V268', '2025-09-27', '09:45', 'Dolore alla schiena', 'Ernia lombare', 55.00, 'P024', 'M008'),
('V269', '2023-12-17', '15:15', 'Controllo glicemia', 'Valori nella norma', 45.00, 'P134', 'M007'),
('V270', '2025-12-25', '10:45', 'Controllo glicemia', 'Valori nella norma', 45.00, 'P124', 'M007'),
('V271', '2023-02-10', '17:45', 'Vertigini', 'Da approfondire con esami strumentali', 60.00, 'P035', 'M005'),
('V272', '2025-12-26', '09:00', 'Dolore articolare', 'Artrosi al ginocchio', 55.00, 'P066', 'M004'),
('V273', '2025-04-23', '14:45', 'Vertigini', 'Da approfondire con esami strumentali', 60.00, 'P134', 'M001'),
('V274', '2024-11-19', '13:30', 'Controllo cardiaco', 'Aritmia lieve', 50.00, 'P093', 'M002'),
('V275', '2025-05-22', '15:15', 'Controllo glicemia', 'Valori nella norma', 45.00, 'P138', 'M007'),
('V276', '2024-03-12', '17:45', 'Acne', 'Trattamento in corso', 50.00, 'P106', 'M009'),
('V277', '2025-07-24', '11:00', 'Controllo neurologico', 'Nessuna anomalia rilevata', 60.00, 'P065', 'M005'),
('V278', '2025-03-04', '12:45', 'Controllo post-frattura', 'Guarigione regolare', 55.00, 'P192', 'M004'),
('V279', '2025-11-23', '09:15', 'Acne', 'Trattamento in corso', 50.00, 'P087', 'M009'),
('V280', '2023-03-16', '15:00', 'Controllo ginecologico', 'Di routine', 55.00, 'P100', 'M011'),
('V281', '2024-02-20', '09:45', 'Cefalea cronica', 'Emicrania con aura', 60.00, 'P017', 'M005'),
('V282', '2025-05-23', '09:15', 'Vaccinazione', 'Nessuna reazione avversa', 40.00, 'P103', 'M010'),
('V283', '2023-04-28', '17:30', 'Controllo post-frattura', 'Guarigione regolare', 55.00, 'P164', 'M008'),
('V284', '2025-03-22', '09:30', 'Cefalea cronica', 'Emicrania con aura', 60.00, 'P050', 'M001'),
('V285', '2023-02-09', '15:30', 'Controllo ginecologico', 'Di routine', 55.00, 'P062', 'M011'),
('V286', '2025-04-17', '09:00', 'Squilibrio ormonale', 'Da approfondire', 45.00, 'P172', 'M007'),
('V287', '2025-09-19', '14:30', 'Dermatite', 'Da contatto', 50.00, 'P024', 'M009'),
('V288', '2024-07-19', '09:30', 'Dolore alla schiena', 'Ernia lombare', 55.00, 'P071', 'M004'),
('V289', '2025-02-17', '13:30', 'Controllo glicemia', 'Diabete di tipo 2', 45.00, 'P045', 'M007'),
('V290', '2025-10-09', '16:45', 'Dermatite', 'Da contatto', 50.00, 'P030', 'M009'),
('V291', '2024-08-22', '16:00', 'Dolore alla schiena', 'Ernia lombare', 55.00, 'P145', 'M008'),
('V292', '2023-07-21', '12:15', 'Controllo cardiaco', 'Colesterolo alto', 50.00, 'P124', 'M002'),
('V293', '2025-09-01', '13:15', 'Controllo glicemia', 'Valori nella norma', 45.00, 'P081', 'M007'),
('V294', '2025-12-27', '14:00', 'Dolore toracico', 'Da monitorare', 50.00, 'P074', 'M002'),
('V295', '2024-06-07', '13:15', 'Squilibrio ormonale', 'Da approfondire', 45.00, 'P142', 'M003'),
('V296', '2024-12-07', '12:15', 'Controllo ginecologico', 'Di routine', 55.00, 'P192', 'M011'),
('V297', '2023-04-27', '14:15', 'Dolore alla schiena', 'Ernia lombare', 55.00, 'P068', 'M004'),
('V298', '2023-11-22', '16:00', 'Controllo cardiaco', 'Pressione alta', 50.00, 'P200', 'M002'),
('V299', '2024-06-20', '14:45', 'Controllo nei', 'Nessuna lesione sospetta', 50.00, 'P196', 'M009'),
('V300', '2023-09-09', '15:15', 'Vertigini', 'Da approfondire con esami strumentali', 60.00, 'P148', 'M005'),
('V301', '2023-09-26', '15:45', 'Controllo di routine', 'Crescita regolare', 40.00, 'P193', 'M010'),
('V302', '2024-11-25', '11:45', 'Controllo neurologico', 'Nessuna anomalia rilevata', 60.00, 'P139', 'M001'),
('V303', '2024-12-01', '09:15', 'Visita di controllo', 'Esami nella norma', 70.00, 'P031', 'M012'),
('V304', '2024-06-20', '13:15', 'Controllo di routine', 'Crescita regolare', 40.00, 'P098', 'M010'),
('V305', '2024-08-20', '14:30', 'Cefalea cronica', 'Emicrania con aura', 60.00, 'P141', 'M005'),
('V306', '2023-07-23', '14:30', 'Controllo post-frattura', 'Guarigione regolare', 55.00, 'P048', 'M008'),
('V307', '2023-10-05', '12:00', 'Vertigini', 'Da approfondire con esami strumentali', 60.00, 'P103', 'M005'),
('V308', '2025-07-28', '15:15', 'Cefalea cronica', 'Emicrania con aura', 60.00, 'P185', 'M005'),
('V309', '2024-01-06', '15:45', 'Controllo oncologico', 'Follow-up post trattamento', 70.00, 'P038', 'M012'),
('V310', '2024-05-09', '17:00', 'Visita di controllo', 'Nessuna anomalia', 55.00, 'P035', 'M011'),
('V311', '2023-04-27', '13:45', 'Controllo cardiaco', 'Aritmia lieve', 50.00, 'P102', 'M002'),
('V312', '2025-06-09', '14:30', 'Dolore toracico', 'Da monitorare', 50.00, 'P162', 'M002'),
('V313', '2024-01-14', '10:30', 'Dermatite', 'Da contatto', 50.00, 'P144', 'M009'),
('V314', '2025-10-21', '17:15', 'Controllo di routine', 'Crescita regolare', 40.00, 'P174', 'M010'),
('V315', '2024-11-17', '16:45', 'Controllo neurologico', 'Nessuna anomalia rilevata', 60.00, 'P200', 'M005'),
('V316', '2024-11-05', '11:30', 'Controllo glicemia', 'Valori nella norma', 45.00, 'P021', 'M007'),
('V317', '2023-02-06', '14:15', 'Visita di controllo', 'Nessuna anomalia', 55.00, 'P108', 'M011'),
('V318', '2025-05-20', '15:30', 'Controllo cardiaco', 'Colesterolo alto', 50.00, 'P081', 'M006'),
('V319', '2024-03-06', '09:15', 'Dolore toracico', 'Da monitorare', 50.00, 'P114', 'M006'),
('V320', '2025-12-24', '10:15', 'Trauma sportivo', 'Distorsione alla caviglia', 55.00, 'P187', 'M004'),
('V321', '2023-02-16', '17:00', 'Controllo glicemia', 'Diabete di tipo 2', 45.00, 'P043', 'M007'),
('V322', '2023-05-20', '11:00', 'Controllo glicemia', 'Diabete di tipo 2', 45.00, 'P007', 'M007'),
('V323', '2023-04-24', '13:45', 'Controllo glicemia', 'Valori nella norma', 45.00, 'P168', 'M007'),
('V324', '2025-03-01', '09:30', 'Controllo tiroide', 'Ipotiroidismo', 45.00, 'P161', 'M003'),
('V325', '2025-05-18', '16:15', 'Controllo post-frattura', 'Guarigione regolare', 55.00, 'P084', 'M008'),
('V326', '2025-10-15', '15:30', 'Controllo nei', 'Nessuna lesione sospetta', 50.00, 'P179', 'M009'),
('V327', '2023-08-10', '14:45', 'Dolore alla schiena', 'Ernia lombare', 55.00, 'P089', 'M008'),
('V328', '2023-01-17', '11:30', 'Controllo glicemia', 'Valori nella norma', 45.00, 'P067', 'M003'),
('V329', '2025-08-25', '16:30', 'Dolore articolare', 'Artrosi al ginocchio', 55.00, 'P074', 'M008'),
('V330', '2025-04-26', '09:30', 'Controllo glicemia', 'Valori nella norma', 45.00, 'P003', 'M007'),
('V331', '2024-04-06', '15:45', 'Squilibrio ormonale', 'Da approfondire', 45.00, 'P049', 'M007'),
('V332', '2024-11-08', '17:30', 'Mal di testa ricorrente', 'Possibile emicrania', 60.00, 'P057', 'M005'),
('V333', '2024-04-28', '10:15', 'Visita di controllo', 'Nessuna anomalia', 55.00, 'P073', 'M011'),
('V334', '2025-08-20', '16:30', 'Mal di testa ricorrente', 'Possibile emicrania', 60.00, 'P035', 'M005'),
('V335', '2023-06-01', '11:00', 'Febbre', 'Sindrome influenzale', 40.00, 'P180', 'M010'),
('V336', '2023-05-09', '11:45', 'Cefalea cronica', 'Emicrania con aura', 60.00, 'P137', 'M001'),
('V337', '2023-03-01', '16:15', 'Cefalea cronica', 'Emicrania con aura', 60.00, 'P187', 'M001'),
('V338', '2024-06-15', '09:30', 'Controllo glicemia', 'Valori nella norma', 45.00, 'P088', 'M007'),
('V339', '2024-07-03', '17:45', 'Controllo glicemia', 'Diabete di tipo 2', 45.00, 'P021', 'M003'),
('V340', '2024-01-04', '12:45', 'Trauma sportivo', 'Distorsione alla caviglia', 55.00, 'P047', 'M004'),
('V341', '2025-01-07', '16:00', 'Dolore alla schiena', 'Ernia lombare', 55.00, 'P198', 'M008'),
('V342', '2024-07-22', '13:30', 'Controllo ginecologico', 'Di routine', 55.00, 'P134', 'M011'),
('V343', '2025-09-17', '10:30', 'Controllo ginecologico', 'Di routine', 55.00, 'P041', 'M011'),
('V344', '2023-06-02', '12:00', 'Visita di controllo', 'Nessuna anomalia', 55.00, 'P124', 'M011'),
('V345', '2024-01-06', '13:00', 'Visita di controllo', 'Nessuna anomalia', 55.00, 'P061', 'M011'),
('V346', '2023-10-26', '16:15', 'Dolore articolare', 'Artrosi al ginocchio', 55.00, 'P102', 'M004'),
('V347', '2023-08-03', '14:00', 'Controllo cardiaco', 'Aritmia lieve', 50.00, 'P096', 'M002'),
('V348', '2025-09-26', '10:15', 'Controllo cardiaco', 'Aritmia lieve', 50.00, 'P016', 'M006'),
('V349', '2025-11-25', '14:45', 'Trauma sportivo', 'Distorsione alla caviglia', 55.00, 'P125', 'M004'),
('V350', '2025-07-12', '11:30', 'Dolore articolare', 'Artrosi al ginocchio', 55.00, 'P188', 'M004'),
('V351', '2025-05-18', '16:15', 'Controllo post-frattura', 'Guarigione regolare', 55.00, 'P011', 'M008'),
('V352', '2024-12-15', '13:15', 'Controllo glicemia', 'Valori nella norma', 45.00, 'P146', 'M003'),
('V353', '2024-05-27', '13:30', 'Controllo nei', 'Nessuna lesione sospetta', 50.00, 'P018', 'M009'),
('V354', '2025-03-01', '14:15', 'Vertigini', 'Da approfondire con esami strumentali', 60.00, 'P117', 'M001'),
('V355', '2025-09-27', '15:15', 'Controllo oncologico', 'Follow-up post trattamento', 70.00, 'P083', 'M012'),
('V356', '2025-03-20', '13:30', 'Visita di controllo', 'Nessuna anomalia', 55.00, 'P135', 'M011'),
('V357', '2023-02-17', '10:00', 'Visita di controllo', 'Nessuna anomalia', 55.00, 'P105', 'M011'),
('V358', '2023-02-16', '12:00', 'Controllo glicemia', 'Diabete di tipo 2', 45.00, 'P034', 'M003'),
('V359', '2024-11-16', '17:30', 'Vaccinazione', 'Nessuna reazione avversa', 40.00, 'P009', 'M010'),
('V360', '2025-12-03', '09:15', 'Controllo cardiaco', 'Aritmia lieve', 50.00, 'P013', 'M006'),
('V361', '2024-11-02', '14:45', 'Dolore articolare', 'Artrosi al ginocchio', 55.00, 'P168', 'M008'),
('V362', '2025-05-17', '09:00', 'Controllo oncologico', 'Follow-up post trattamento', 70.00, 'P095', 'M012'),
('V363', '2025-02-04', '12:45', 'Controllo cardiaco', 'Aritmia lieve', 50.00, 'P078', 'M002'),
('V364', '2025-11-06', '17:45', 'Dolore alla schiena', 'Ernia lombare', 55.00, 'P049', 'M004'),
('V365', '2025-08-23', '15:00', 'Controllo cardiaco', 'Colesterolo alto', 50.00, 'P192', 'M002'),
('V366', '2025-06-22', '11:45', 'Squilibrio ormonale', 'Da approfondire', 45.00, 'P043', 'M003'),
('V367', '2024-07-25', '15:30', 'Controllo cardiaco', 'Colesterolo alto', 50.00, 'P091', 'M006'),
('V368', '2024-09-24', '13:30', 'Dolore alla schiena', 'Ernia lombare', 55.00, 'P156', 'M004'),
('V369', '2023-12-02', '13:00', 'Controllo post-frattura', 'Guarigione regolare', 55.00, 'P116', 'M008'),
('V370', '2023-05-08', '12:30', 'Controllo glicemia', 'Valori nella norma', 45.00, 'P133', 'M003'),
('V371', '2025-09-18', '11:00', 'Visita di controllo', 'Esami nella norma', 70.00, 'P006', 'M012'),
('V372', '2023-03-09', '14:15', 'Trauma sportivo', 'Distorsione alla caviglia', 55.00, 'P010', 'M008'),
('V373', '2023-10-13', '12:00', 'Controllo neurologico', 'Nessuna anomalia rilevata', 60.00, 'P060', 'M005'),
('V374', '2023-08-27', '10:30', 'Dolore toracico', 'Da monitorare', 50.00, 'P186', 'M006'),
('V375', '2023-01-25', '14:30', 'Visita di controllo', 'Esami nella norma', 70.00, 'P010', 'M012'),
('V376', '2023-12-21', '09:45', 'Controllo glicemia', 'Diabete di tipo 2', 45.00, 'P112', 'M007'),
('V377', '2024-09-19', '11:30', 'Mal di testa ricorrente', 'Possibile emicrania', 60.00, 'P014', 'M005'),
('V378', '2023-01-22', '15:45', 'Controllo oncologico', 'Follow-up post trattamento', 70.00, 'P129', 'M012'),
('V379', '2025-02-08', '15:30', 'Vaccinazione', 'Nessuna reazione avversa', 40.00, 'P193', 'M010'),
('V380', '2024-02-16', '09:45', 'Controllo tiroide', 'Ipotiroidismo', 45.00, 'P101', 'M003'),
('V381', '2025-07-25', '11:15', 'Dolore toracico', 'Da monitorare', 50.00, 'P068', 'M002'),
('V382', '2024-07-21', '12:15', 'Controllo nei', 'Nessuna lesione sospetta', 50.00, 'P124', 'M009'),
('V383', '2024-06-22', '10:00', 'Controllo cardiaco', 'Colesterolo alto', 50.00, 'P063', 'M002'),
('V384', '2024-06-07', '14:30', 'Squilibrio ormonale', 'Da approfondire', 45.00, 'P172', 'M007'),
('V385', '2024-03-12', '16:15', 'Controllo ginecologico', 'Di routine', 55.00, 'P153', 'M011'),
('V386', '2023-11-12', '11:00', 'Cefalea cronica', 'Emicrania con aura', 60.00, 'P113', 'M001'),
('V387', '2023-10-05', '13:00', 'Controllo oncologico', 'Follow-up post trattamento', 70.00, 'P029', 'M012'),
('V388', '2024-08-16', '09:30', 'Controllo oncologico', 'Follow-up post trattamento', 70.00, 'P088', 'M012'),
('V389', '2023-09-17', '13:45', 'Controllo oncologico', 'Follow-up post trattamento', 70.00, 'P054', 'M012'),
('V390', '2025-12-22', '09:45', 'Controllo oncologico', 'Follow-up post trattamento', 70.00, 'P160', 'M012'),
('V391', '2024-03-02', '13:15', 'Controllo ginecologico', 'Di routine', 55.00, 'P150', 'M011'),
('V392', '2023-08-21', '09:00', 'Febbre', 'Sindrome influenzale', 40.00, 'P179', 'M010'),
('V393', '2025-11-12', '10:00', 'Visita di controllo', 'Nessuna anomalia', 55.00, 'P100', 'M011'),
('V394', '2023-07-17', '10:30', 'Visita di controllo', 'Nessuna anomalia', 55.00, 'P075', 'M011'),
('V395', '2023-03-07', '17:45', 'Vaccinazione', 'Nessuna reazione avversa', 40.00, 'P125', 'M010'),
('V396', '2023-04-17', '13:30', 'Controllo oncologico', 'Follow-up post trattamento', 70.00, 'P144', 'M012'),
('V397', '2023-06-22', '14:30', 'Controllo tiroide', 'Ipotiroidismo', 45.00, 'P126', 'M007'),
('V398', '2025-05-26', '09:30', 'Cefalea cronica', 'Emicrania con aura', 60.00, 'P161', 'M005'),
('V399', '2023-03-11', '15:15', 'Controllo neurologico', 'Nessuna anomalia rilevata', 60.00, 'P100', 'M001'),
('V400', '2025-11-20', '12:45', 'Visita di controllo', 'Esami nella norma', 70.00, 'P023', 'M012'),
('V401', '2024-05-20', '14:45', 'Controllo di routine', 'Crescita regolare', 40.00, 'P062', 'M010'),
('V402', '2025-03-19', '17:15', 'Controllo tiroide', 'Ipotiroidismo', 45.00, 'P139', 'M003'),
('V403', '2024-03-21', '11:30', 'Cefalea cronica', 'Emicrania con aura', 60.00, 'P036', 'M005'),
('V404', '2025-02-06', '14:15', 'Acne', 'Trattamento in corso', 50.00, 'P018', 'M009'),
('V405', '2024-07-10', '16:30', 'Controllo neurologico', 'Nessuna anomalia rilevata', 60.00, 'P187', 'M001'),
('V406', '2023-03-01', '13:15', 'Dolore articolare', 'Artrosi al ginocchio', 55.00, 'P039', 'M004'),
('V407', '2025-01-12', '10:45', 'Dolore alla schiena', 'Ernia lombare', 55.00, 'P153', 'M004'),
('V408', '2024-12-21', '14:15', 'Acne', 'Trattamento in corso', 50.00, 'P035', 'M009'),
('V409', '2023-03-07', '12:00', 'Controllo post-frattura', 'Guarigione regolare', 55.00, 'P100', 'M008'),
('V410', '2024-04-24', '12:15', 'Controllo neurologico', 'Nessuna anomalia rilevata', 60.00, 'P105', 'M001'),
('V411', '2025-08-23', '14:45', 'Squilibrio ormonale', 'Da approfondire', 45.00, 'P017', 'M003'),
('V412', '2023-10-24', '15:30', 'Squilibrio ormonale', 'Da approfondire', 45.00, 'P064', 'M007'),
('V413', '2025-10-18', '17:00', 'Vaccinazione', 'Nessuna reazione avversa', 40.00, 'P101', 'M010'),
('V414', '2024-01-08', '17:45', 'Dolore toracico', 'Da monitorare', 50.00, 'P134', 'M002'),
('V415', '2025-11-02', '12:30', 'Vertigini', 'Da approfondire con esami strumentali', 60.00, 'P189', 'M001'),
('V416', '2024-08-06', '15:30', 'Controllo glicemia', 'Valori nella norma', 45.00, 'P113', 'M007'),
('V417', '2024-11-15', '10:00', 'Cefalea cronica', 'Emicrania con aura', 60.00, 'P157', 'M001'),
('V418', '2025-03-13', '15:30', 'Vaccinazione', 'Nessuna reazione avversa', 40.00, 'P047', 'M010'),
('V419', '2024-10-23', '12:45', 'Cefalea cronica', 'Emicrania con aura', 60.00, 'P116', 'M001'),
('V420', '2025-11-23', '11:00', 'Controllo neurologico', 'Nessuna anomalia rilevata', 60.00, 'P024', 'M005'),
('V421', '2025-06-03', '17:45', 'Dolore toracico', 'Da monitorare', 50.00, 'P024', 'M002'),
('V422', '2023-07-18', '15:00', 'Acne', 'Trattamento in corso', 50.00, 'P187', 'M009'),
('V423', '2025-11-28', '11:15', 'Controllo glicemia', 'Valori nella norma', 45.00, 'P197', 'M003'),
('V424', '2024-05-10', '16:30', 'Controllo glicemia', 'Diabete di tipo 2', 45.00, 'P038', 'M003'),
('V425', '2023-04-01', '13:00', 'Controllo glicemia', 'Diabete di tipo 2', 45.00, 'P161', 'M003'),
('V426', '2025-01-20', '16:15', 'Controllo post-frattura', 'Guarigione regolare', 55.00, 'P118', 'M008'),
('V427', '2024-08-14', '16:00', 'Vaccinazione', 'Nessuna reazione avversa', 40.00, 'P056', 'M010'),
('V428', '2023-09-09', '17:15', 'Controllo di routine', 'Crescita regolare', 40.00, 'P154', 'M010'),
('V429', '2023-11-12', '09:15', 'Controllo tiroide', 'Ipotiroidismo', 45.00, 'P013', 'M003'),
('V430', '2024-02-02', '10:45', 'Visita di controllo', 'Nessuna anomalia', 55.00, 'P009', 'M011'),
('V431', '2025-11-23', '17:15', 'Controllo glicemia', 'Valori nella norma', 45.00, 'P046', 'M003'),
('V432', '2023-02-25', '13:30', 'Visita di controllo', 'Esami nella norma', 70.00, 'P117', 'M012'),
('V433', '2024-09-03', '13:45', 'Controllo glicemia', 'Diabete di tipo 2', 45.00, 'P095', 'M007'),
('V434', '2024-09-14', '17:15', 'Controllo cardiaco', 'Colesterolo alto', 50.00, 'P035', 'M002'),
('V435', '2023-10-24', '17:00', 'Dolore articolare', 'Artrosi al ginocchio', 55.00, 'P179', 'M004'),
('V436', '2024-10-28', '14:30', 'Visita di controllo', 'Esami nella norma', 70.00, 'P124', 'M012'),
('V437', '2024-03-20', '16:45', 'Vaccinazione', 'Nessuna reazione avversa', 40.00, 'P135', 'M010'),
('V438', '2025-05-07', '09:00', 'Controllo tiroide', 'Ipotiroidismo', 45.00, 'P127', 'M003'),
('V439', '2025-04-26', '15:45', 'Dolore articolare', 'Artrosi al ginocchio', 55.00, 'P007', 'M008'),
('V440', '2025-11-07', '09:15', 'Controllo cardiaco', 'Colesterolo alto', 50.00, 'P012', 'M006'),
('V441', '2023-05-10', '17:30', 'Controllo neurologico', 'Nessuna anomalia rilevata', 60.00, 'P177', 'M005'),
('V442', '2025-06-11', '15:00', 'Mal di testa ricorrente', 'Possibile emicrania', 60.00, 'P197', 'M001'),
('V443', '2024-11-16', '16:00', 'Trauma sportivo', 'Distorsione alla caviglia', 55.00, 'P045', 'M004'),
('V444', '2023-11-15', '17:30', 'Squilibrio ormonale', 'Da approfondire', 45.00, 'P166', 'M003'),
('V445', '2025-05-19', '14:00', 'Controllo glicemia', 'Diabete di tipo 2', 45.00, 'P119', 'M007'),
('V446', '2024-06-03', '11:30', 'Vaccinazione', 'Nessuna reazione avversa', 40.00, 'P054', 'M010'),
('V447', '2025-09-27', '11:45', 'Dolore toracico', 'Da monitorare', 50.00, 'P008', 'M006'),
('V448', '2024-12-28', '14:00', 'Controllo di routine', 'Crescita regolare', 40.00, 'P048', 'M010'),
('V449', '2024-04-12', '16:30', 'Controllo glicemia', 'Diabete di tipo 2', 45.00, 'P070', 'M007'),
('V450', '2023-02-12', '09:15', 'Dermatite', 'Da contatto', 50.00, 'P056', 'M009'),
('V451', '2024-09-05', '12:30', 'Dolore articolare', 'Artrosi al ginocchio', 55.00, 'P024', 'M008'),
('V452', '2024-03-25', '10:15', 'Visita di controllo', 'Esami nella norma', 70.00, 'P124', 'M012'),
('V453', '2024-07-23', '17:00', 'Controllo oncologico', 'Follow-up post trattamento', 70.00, 'P053', 'M012'),
('V454', '2025-10-28', '10:30', 'Mal di testa ricorrente', 'Possibile emicrania', 60.00, 'P002', 'M005'),
('V455', '2025-11-24', '13:00', 'Mal di testa ricorrente', 'Possibile emicrania', 60.00, 'P120', 'M001'),
('V456', '2024-04-07', '13:30', 'Cefalea cronica', 'Emicrania con aura', 60.00, 'P148', 'M005'),
('V457', '2025-02-09', '11:15', 'Dolore toracico', 'Da monitorare', 50.00, 'P137', 'M006'),
('V458', '2025-09-17', '10:15', 'Controllo cardiaco', 'Pressione alta', 50.00, 'P071', 'M002'),
('V459', '2024-03-23', '13:15', 'Controllo cardiaco', 'Colesterolo alto', 50.00, 'P139', 'M006'),
('V460', '2025-06-18', '16:00', 'Controllo cardiaco', 'Colesterolo alto', 50.00, 'P044', 'M002'),
('V461', '2025-01-04', '15:00', 'Vertigini', 'Da approfondire con esami strumentali', 60.00, 'P034', 'M001'),
('V462', '2023-12-20', '16:30', 'Squilibrio ormonale', 'Da approfondire', 45.00, 'P023', 'M007'),
('V463', '2025-11-26', '17:00', 'Controllo cardiaco', 'Aritmia lieve', 50.00, 'P080', 'M006'),
('V464', '2023-12-15', '10:45', 'Dolore alla schiena', 'Ernia lombare', 55.00, 'P194', 'M008'),
('V465', '2024-04-08', '11:30', 'Visita di controllo', 'Nessuna anomalia', 55.00, 'P080', 'M011'),
('V466', '2025-11-11', '14:45', 'Controllo tiroide', 'Ipotiroidismo', 45.00, 'P094', 'M007'),
('V467', '2024-02-12', '16:45', 'Mal di testa ricorrente', 'Possibile emicrania', 60.00, 'P125', 'M001'),
('V468', '2025-10-05', '17:00', 'Controllo neurologico', 'Nessuna anomalia rilevata', 60.00, 'P044', 'M005'),
('V469', '2024-09-21', '10:30', 'Controllo oncologico', 'Follow-up post trattamento', 70.00, 'P104', 'M012'),
('V470', '2025-07-08', '12:15', 'Controllo post-frattura', 'Guarigione regolare', 55.00, 'P137', 'M008'),
('V471', '2024-04-27', '15:45', 'Controllo glicemia', 'Diabete di tipo 2', 45.00, 'P124', 'M007'),
('V472', '2023-11-22', '10:45', 'Controllo cardiaco', 'Aritmia lieve', 50.00, 'P146', 'M006'),
('V473', '2024-06-18', '10:45', 'Vaccinazione', 'Nessuna reazione avversa', 40.00, 'P030', 'M010'),
('V474', '2023-10-04', '15:30', 'Vertigini', 'Da approfondire con esami strumentali', 60.00, 'P046', 'M005'),
('V475', '2023-04-27', '11:00', 'Controllo ginecologico', 'Di routine', 55.00, 'P127', 'M011'),
('V476', '2024-09-10', '15:45', 'Controllo tiroide', 'Ipotiroidismo', 45.00, 'P194', 'M003'),
('V477', '2024-10-26', '13:45', 'Trauma sportivo', 'Distorsione alla caviglia', 55.00, 'P051', 'M004'),
('V478', '2025-01-20', '17:45', 'Controllo cardiaco', 'Pressione alta', 50.00, 'P184', 'M006'),
('V479', '2024-09-02', '09:30', 'Mal di testa ricorrente', 'Possibile emicrania', 60.00, 'P033', 'M005'),
('V480', '2023-07-23', '15:30', 'Mal di testa ricorrente', 'Possibile emicrania', 60.00, 'P029', 'M005'),
('V481', '2024-07-18', '12:15', 'Squilibrio ormonale', 'Da approfondire', 45.00, 'P183', 'M007'),
('V482', '2025-07-27', '14:45', 'Controllo tiroide', 'Ipotiroidismo', 45.00, 'P122', 'M003'),
('V483', '2023-01-03', '09:15', 'Cefalea cronica', 'Emicrania con aura', 60.00, 'P040', 'M005'),
('V484', '2023-02-05', '15:45', 'Controllo post-frattura', 'Guarigione regolare', 55.00, 'P185', 'M008'),
('V485', '2025-03-15', '17:45', 'Febbre', 'Sindrome influenzale', 40.00, 'P179', 'M010'),
('V486', '2024-04-06', '15:00', 'Controllo post-frattura', 'Guarigione regolare', 55.00, 'P142', 'M008'),
('V487', '2025-09-09', '15:30', 'Dolore alla schiena', 'Ernia lombare', 55.00, 'P148', 'M008'),
('V488', '2025-06-04', '16:00', 'Vertigini', 'Da approfondire con esami strumentali', 60.00, 'P009', 'M001'),
('V489', '2024-09-03', '17:00', 'Visita di controllo', 'Esami nella norma', 70.00, 'P037', 'M012'),
('V490', '2025-11-18', '13:00', 'Dolore articolare', 'Artrosi al ginocchio', 55.00, 'P063', 'M008'),
('V491', '2024-08-17', '16:30', 'Controllo nei', 'Nessuna lesione sospetta', 50.00, 'P088', 'M009'),
('V492', '2024-03-02', '13:30', 'Controllo cardiaco', 'Colesterolo alto', 50.00, 'P108', 'M006'),
('V493', '2025-03-19', '09:30', 'Visita di controllo', 'Nessuna anomalia', 55.00, 'P016', 'M011'),
('V494', '2024-08-03', '11:00', 'Controllo di routine', 'Crescita regolare', 40.00, 'P189', 'M010'),
('V495', '2025-05-09', '13:00', 'Cefalea cronica', 'Emicrania con aura', 60.00, 'P072', 'M005'),
('V496', '2025-12-05', '16:30', 'Controllo cardiaco', 'Aritmia lieve', 50.00, 'P190', 'M002'),
('V497', '2024-03-26', '17:00', 'Cefalea cronica', 'Emicrania con aura', 60.00, 'P045', 'M005'),
('V498', '2025-03-27', '16:45', 'Controllo cardiaco', 'Aritmia lieve', 50.00, 'P088', 'M002'),
('V499', '2025-08-24', '11:15', 'Controllo tiroide', 'Ipotiroidismo', 45.00, 'P198', 'M007'),
('V500', '2023-11-09', '10:00', 'Visita di controllo', 'Esami nella norma', 70.00, 'P148', 'M012');

INSERT INTO Prescrizione (id, posologia, durata, visita_id, farmaco_codice) VALUES
('PR001', '1 compressa al giorno', '30 giorni', 'V001', 'F002'),
('PR002', '1 compressa al bisogno', '15 giorni', 'V002', 'F001'),
('PR003', '1 compressa al giorno', '60 giorni', 'V003', 'F003'),
('PR004', '1 compressa al bisogno', '20 giorni', 'V004', 'F001'),
('PR005', '1 gel applicazione locale 2x giorno', '20 giorni', 'V005', 'F006'),
('PR006', '1 compressa 2x giorno', '90 giorni', 'V006', 'F004'),
('PR007', '1 compressa al giorno', '180 giorni', 'V007', 'F005'),
('PR008', '1 compressa al giorno', '30 giorni', 'V009', 'F002'),
('PR009', '1 compressa al giorno', '180 giorni', 'V008', 'F031'),
('PR010', '1 spray nasale al bisogno', '30 giorni', 'V010', 'F035'),
('PR011', '1 compressa alla sera', '45 giorni', 'V011', 'F025'),
('PR012', '1 compressa al giorno', '60 giorni', 'V012', 'F034'),
('PR013', '1 bustina al giorno', '10 giorni', 'V014', 'F025'),
('PR014', '2 compresse al giorno', '14 giorni', 'V015', 'F003'),
('PR015', '2 compresse al giorno', '14 giorni', 'V016', 'F023'),
('PR016', '1 compressa alla sera', '45 giorni', 'V018', 'F018'),
('PR017', '1 gel applicazione locale 2x giorno', '20 giorni', 'V019', 'F007'),
('PR018', '1 fiala intramuscolo', '7 giorni', 'V020', 'F026'),
('PR019', '1 compressa alla sera', '45 giorni', 'V021', 'F016'),
('PR020', '1 fiala intramuscolo', '7 giorni', 'V022', 'F013'),
('PR021', '1 compressa alla sera', '45 giorni', 'V023', 'F012'),
('PR022', '1 compressa al giorno', '30 giorni', 'V024', 'F001'),
('PR023', '1 compressa al bisogno', '15 giorni', 'V026', 'F034'),
('PR024', '1 bustina al giorno', '10 giorni', 'V027', 'F023'),
('PR025', '1 gel applicazione locale 2x giorno', '20 giorni', 'V028', 'F017'),
('PR026', '1 compressa al giorno', '30 giorni', 'V029', 'F040'),
('PR027', '1 fiala intramuscolo', '7 giorni', 'V030', 'F014'),
('PR028', '1 spray nasale al bisogno', '30 giorni', 'V032', 'F008'),
('PR029', '1 fiala intramuscolo', '7 giorni', 'V033', 'F009'),
('PR030', '1 compressa alla sera', '45 giorni', 'V034', 'F037'),
('PR031', '1 compressa al bisogno', '15 giorni', 'V036', 'F012'),
('PR032', '1 bustina al giorno', '10 giorni', 'V037', 'F005'),
('PR033', '1 gel applicazione locale 2x giorno', '20 giorni', 'V038', 'F028'),
('PR034', '1 compressa alla sera', '45 giorni', 'V039', 'F021'),
('PR035', '1 compressa al bisogno', '15 giorni', 'V040', 'F018'),
('PR036', '1 compressa 2x giorno', '90 giorni', 'V042', 'F004'),
('PR037', '1 gel applicazione locale 2x giorno', '20 giorni', 'V043', 'F012'),
('PR038', '1 bustina al giorno', '10 giorni', 'V044', 'F013'),
('PR039', '1 compressa al giorno', '60 giorni', 'V045', 'F032'),
('PR040', '2 compresse al giorno', '14 giorni', 'V046', 'F028'),
('PR041', '1 compressa alla sera', '45 giorni', 'V047', 'F007'),
('PR042', '1 compressa al bisogno', '15 giorni', 'V049', 'F003'),
('PR043', '1 fiala intramuscolo', '7 giorni', 'V050', 'F017'),
('PR044', '1 bustina al giorno', '10 giorni', 'V052', 'F010'),
('PR045', '1 compressa al giorno', '30 giorni', 'V053', 'F003'),
('PR046', '1 gel applicazione locale 2x giorno', '20 giorni', 'V054', 'F010'),
('PR047', '1 compressa al giorno', '180 giorni', 'V055', 'F037'),
('PR048', '1 spray nasale al bisogno', '30 giorni', 'V056', 'F032'),
('PR049', '1 compressa al giorno', '180 giorni', 'V057', 'F005'),
('PR050', '1 compressa al giorno', '30 giorni', 'V058', 'F025'),
('PR051', '1 fiala intramuscolo', '7 giorni', 'V061', 'F035'),
('PR052', '1 compressa alla sera', '45 giorni', 'V063', 'F020'),
('PR053', '1 compressa alla sera', '45 giorni', 'V064', 'F006'),
('PR054', '1 compressa 2x giorno', '90 giorni', 'V065', 'F006'),
('PR055', '1 compressa al bisogno', '20 giorni', 'V068', 'F012'),
('PR056', '1 compressa al giorno', '180 giorni', 'V069', 'F013'),
('PR057', '1 compressa al giorno', '180 giorni', 'V070', 'F007'),
('PR058', '1 compressa 2x giorno', '90 giorni', 'V071', 'F032'),
('PR059', '1 compressa alla sera', '45 giorni', 'V072', 'F029'),
('PR060', '1 compressa al giorno', '60 giorni', 'V073', 'F003'),
('PR061', '1 spray nasale al bisogno', '30 giorni', 'V074', 'F038'),
('PR062', '1 compressa al giorno', '180 giorni', 'V075', 'F005'),
('PR063', '1 bustina al giorno', '10 giorni', 'V077', 'F035'),
('PR064', '1 compressa 2x giorno', '90 giorni', 'V081', 'F004'),
('PR065', '1 spray nasale al bisogno', '30 giorni', 'V082', 'F003'),
('PR066', '1 compressa al bisogno', '20 giorni', 'V083', 'F034'),
('PR067', '1 compressa alla sera', '45 giorni', 'V084', 'F035'),
('PR068', '1 fiala intramuscolo', '7 giorni', 'V085', 'F015'),
('PR069', '1 compressa al giorno', '60 giorni', 'V087', 'F032'),
('PR070', '1 bustina al giorno', '10 giorni', 'V088', 'F040'),
('PR071', '1 spray nasale al bisogno', '30 giorni', 'V089', 'F009'),
('PR072', '1 compressa alla sera', '45 giorni', 'V090', 'F004'),
('PR073', '1 fiala intramuscolo', '7 giorni', 'V093', 'F011'),
('PR074', '1 compressa al bisogno', '15 giorni', 'V095', 'F008'),
('PR075', '1 fiala intramuscolo', '7 giorni', 'V096', 'F015'),
('PR076', '1 compressa al bisogno', '20 giorni', 'V097', 'F028'),
('PR077', '1 spray nasale al bisogno', '30 giorni', 'V098', 'F026'),
('PR078', '1 compressa alla sera', '45 giorni', 'V099', 'F037'),
('PR079', '1 compressa 2x giorno', '90 giorni', 'V100', 'F014'),
('PR080', '1 compressa 2x giorno', '90 giorni', 'V102', 'F005'),
('PR081', '1 compressa al giorno', '60 giorni', 'V103', 'F027'),
('PR082', '1 compressa 2x giorno', '90 giorni', 'V104', 'F036'),
('PR083', '1 compressa al bisogno', '20 giorni', 'V105', 'F038'),
('PR084', '1 compressa al bisogno', '15 giorni', 'V106', 'F040'),
('PR085', '1 compressa al giorno', '60 giorni', 'V107', 'F002'),
('PR086', '1 compressa al giorno', '30 giorni', 'V109', 'F012'),
('PR087', '1 fiala intramuscolo', '7 giorni', 'V111', 'F019'),
('PR088', '1 bustina al giorno', '10 giorni', 'V112', 'F009'),
('PR089', '1 compressa alla sera', '45 giorni', 'V113', 'F018'),
('PR090', '1 compressa al giorno', '180 giorni', 'V114', 'F016'),
('PR091', '1 compressa al giorno', '30 giorni', 'V116', 'F039'),
('PR092', '1 bustina al giorno', '10 giorni', 'V117', 'F040'),
('PR093', '1 gel applicazione locale 2x giorno', '20 giorni', 'V119', 'F023'),
('PR094', '2 compresse al giorno', '14 giorni', 'V120', 'F016'),
('PR095', '2 compresse al giorno', '14 giorni', 'V121', 'F007'),
('PR096', '2 compresse al giorno', '14 giorni', 'V122', 'F033'),
('PR097', '1 compressa alla sera', '45 giorni', 'V123', 'F014'),
('PR098', '1 compressa al bisogno', '20 giorni', 'V124', 'F008'),
('PR099', '1 bustina al giorno', '10 giorni', 'V126', 'F032'),
('PR100', '1 compressa alla sera', '45 giorni', 'V127', 'F003'),
('PR101', '1 compressa 2x giorno', '90 giorni', 'V128', 'F019'),
('PR102', '1 gel applicazione locale 2x giorno', '20 giorni', 'V129', 'F022'),
('PR103', '1 bustina al giorno', '10 giorni', 'V130', 'F003'),
('PR104', '1 compressa al giorno', '30 giorni', 'V131', 'F035'),
('PR105', '1 compressa al giorno', '30 giorni', 'V132', 'F032'),
('PR106', '1 compressa al bisogno', '15 giorni', 'V133', 'F016'),
('PR107', '1 fiala intramuscolo', '7 giorni', 'V134', 'F038'),
('PR108', '1 compressa al bisogno', '20 giorni', 'V135', 'F021'),
('PR109', '1 compressa al bisogno', '15 giorni', 'V136', 'F021'),
('PR110', '1 compressa al bisogno', '20 giorni', 'V137', 'F027'),
('PR111', '1 compressa al bisogno', '20 giorni', 'V139', 'F005'),
('PR112', '1 bustina al giorno', '10 giorni', 'V140', 'F004'),
('PR113', '1 fiala intramuscolo', '7 giorni', 'V142', 'F030'),
('PR114', '1 compressa 2x giorno', '90 giorni', 'V143', 'F009'),
('PR115', '1 compressa al bisogno', '20 giorni', 'V144', 'F023'),
('PR116', '1 compressa al giorno', '60 giorni', 'V146', 'F003'),
('PR117', '1 compressa al giorno', '30 giorni', 'V147', 'F018'),
('PR118', '1 bustina al giorno', '10 giorni', 'V148', 'F030'),
('PR119', '1 compressa 2x giorno', '90 giorni', 'V149', 'F015'),
('PR120', '1 compressa alla sera', '45 giorni', 'V151', 'F040'),
('PR121', '2 compresse al giorno', '14 giorni', 'V153', 'F015'),
('PR122', '2 compresse al giorno', '14 giorni', 'V154', 'F032'),
('PR123', '1 bustina al giorno', '10 giorni', 'V156', 'F030'),
('PR124', '1 spray nasale al bisogno', '30 giorni', 'V157', 'F028'),
('PR125', '1 compressa al bisogno', '20 giorni', 'V158', 'F016'),
('PR126', '1 fiala intramuscolo', '7 giorni', 'V159', 'F015'),
('PR127', '1 compressa al giorno', '60 giorni', 'V161', 'F037'),
('PR128', '1 compressa al giorno', '30 giorni', 'V163', 'F003'),
('PR129', '2 compresse al giorno', '14 giorni', 'V165', 'F003'),
('PR130', '1 compressa al giorno', '180 giorni', 'V166', 'F031'),
('PR131', '1 compressa al bisogno', '15 giorni', 'V168', 'F029'),
('PR132', '1 compressa al bisogno', '15 giorni', 'V169', 'F036'),
('PR133', '1 spray nasale al bisogno', '30 giorni', 'V170', 'F027'),
('PR134', '1 gel applicazione locale 2x giorno', '20 giorni', 'V172', 'F016'),
('PR135', '1 compressa al bisogno', '15 giorni', 'V173', 'F002'),
('PR136', '1 gel applicazione locale 2x giorno', '20 giorni', 'V174', 'F011'),
('PR137', '1 fiala intramuscolo', '7 giorni', 'V175', 'F038'),
('PR138', '1 bustina al giorno', '10 giorni', 'V176', 'F030'),
('PR139', '1 compressa 2x giorno', '90 giorni', 'V179', 'F030'),
('PR140', '1 compressa al giorno', '30 giorni', 'V180', 'F005'),
('PR141', '1 spray nasale al bisogno', '30 giorni', 'V181', 'F022'),
('PR142', '1 gel applicazione locale 2x giorno', '20 giorni', 'V182', 'F028'),
('PR143', '1 spray nasale al bisogno', '30 giorni', 'V183', 'F040'),
('PR144', '1 compressa al bisogno', '20 giorni', 'V184', 'F006'),
('PR145', '1 compressa 2x giorno', '90 giorni', 'V185', 'F004'),
('PR146', '1 compressa alla sera', '45 giorni', 'V186', 'F024'),
('PR147', '1 compressa 2x giorno', '90 giorni', 'V188', 'F030'),
('PR148', '1 compressa 2x giorno', '90 giorni', 'V189', 'F024'),
('PR149', '2 compresse al giorno', '14 giorni', 'V190', 'F005'),
('PR150', '1 compressa al bisogno', '20 giorni', 'V191', 'F009'),
('PR151', '1 compressa al bisogno', '15 giorni', 'V193', 'F031'),
('PR152', '1 fiala intramuscolo', '7 giorni', 'V194', 'F014'),
('PR153', '1 compressa al bisogno', '20 giorni', 'V195', 'F021'),
('PR154', '1 gel applicazione locale 2x giorno', '20 giorni', 'V196', 'F033'),
('PR155', '1 gel applicazione locale 2x giorno', '20 giorni', 'V197', 'F004'),
('PR156', '1 compressa 2x giorno', '90 giorni', 'V198', 'F029'),
('PR157', '2 compresse al giorno', '14 giorni', 'V199', 'F008'),
('PR158', '2 compresse al giorno', '14 giorni', 'V200', 'F035'),
('PR159', '1 compressa 2x giorno', '90 giorni', 'V202', 'F005'),
('PR160', '1 bustina al giorno', '10 giorni', 'V203', 'F006'),
('PR161', '1 compressa al giorno', '60 giorni', 'V204', 'F019'),
('PR162', '1 compressa al giorno', '60 giorni', 'V206', 'F018'),
('PR163', '1 compressa al giorno', '60 giorni', 'V207', 'F032'),
('PR164', '1 compressa al bisogno', '20 giorni', 'V208', 'F034'),
('PR165', '1 compressa al giorno', '180 giorni', 'V210', 'F035'),
('PR166', '1 compressa al giorno', '180 giorni', 'V212', 'F029'),
('PR167', '1 compressa al giorno', '30 giorni', 'V213', 'F019'),
('PR168', '1 compressa al giorno', '30 giorni', 'V214', 'F015'),
('PR169', '1 compressa 2x giorno', '90 giorni', 'V216', 'F027'),
('PR170', '1 compressa alla sera', '45 giorni', 'V217', 'F021'),
('PR171', '1 compressa alla sera', '45 giorni', 'V218', 'F034'),
('PR172', '1 gel applicazione locale 2x giorno', '20 giorni', 'V220', 'F037'),
('PR173', '1 gel applicazione locale 2x giorno', '20 giorni', 'V221', 'F011'),
('PR174', '1 compressa 2x giorno', '90 giorni', 'V223', 'F019'),
('PR175', '1 compressa 2x giorno', '90 giorni', 'V225', 'F019'),
('PR176', '1 compressa al giorno', '60 giorni', 'V226', 'F040'),
('PR177', '1 gel applicazione locale 2x giorno', '20 giorni', 'V228', 'F012'),
('PR178', '1 compressa alla sera', '45 giorni', 'V231', 'F010'),
('PR179', '1 compressa al bisogno', '15 giorni', 'V232', 'F003'),
('PR180', '1 bustina al giorno', '10 giorni', 'V234', 'F017'),
('PR181', '1 compressa al bisogno', '20 giorni', 'V235', 'F036'),
('PR182', '1 compressa alla sera', '45 giorni', 'V236', 'F021'),
('PR183', '1 bustina al giorno', '10 giorni', 'V238', 'F035'),
('PR184', '1 compressa al bisogno', '15 giorni', 'V240', 'F002'),
('PR185', '1 bustina al giorno', '10 giorni', 'V241', 'F010'),
('PR186', '1 spray nasale al bisogno', '30 giorni', 'V244', 'F035'),
('PR187', '1 spray nasale al bisogno', '30 giorni', 'V246', 'F019'),
('PR188', '1 gel applicazione locale 2x giorno', '20 giorni', 'V247', 'F037'),
('PR189', '1 fiala intramuscolo', '7 giorni', 'V248', 'F029'),
('PR190', '1 compressa al bisogno', '15 giorni', 'V249', 'F031'),
('PR191', '2 compresse al giorno', '14 giorni', 'V251', 'F008'),
('PR192', '1 compressa al giorno', '180 giorni', 'V252', 'F040'),
('PR193', '1 compressa al bisogno', '15 giorni', 'V254', 'F021'),
('PR194', '1 compressa alla sera', '45 giorni', 'V255', 'F013'),
('PR195', '1 compressa al bisogno', '20 giorni', 'V256', 'F018'),
('PR196', '1 compressa al bisogno', '15 giorni', 'V257', 'F035'),
('PR197', '1 compressa al bisogno', '15 giorni', 'V259', 'F033'),
('PR198', '1 bustina al giorno', '10 giorni', 'V260', 'F021'),
('PR199', '2 compresse al giorno', '14 giorni', 'V261', 'F004'),
('PR200', '1 compressa al giorno', '60 giorni', 'V263', 'F028'),
('PR201', '1 compressa 2x giorno', '90 giorni', 'V264', 'F001'),
('PR202', '1 compressa 2x giorno', '90 giorni', 'V265', 'F020'),
('PR203', '1 spray nasale al bisogno', '30 giorni', 'V268', 'F029'),
('PR204', '1 compressa al giorno', '180 giorni', 'V269', 'F029'),
('PR205', '1 spray nasale al bisogno', '30 giorni', 'V270', 'F028'),
('PR206', '1 compressa al giorno', '180 giorni', 'V271', 'F009'),
('PR207', '1 compressa al giorno', '60 giorni', 'V273', 'F014'),
('PR208', '2 compresse al giorno', '14 giorni', 'V274', 'F022'),
('PR209', '1 fiala intramuscolo', '7 giorni', 'V275', 'F025'),
('PR210', '1 compressa al giorno', '180 giorni', 'V276', 'F018'),
('PR211', '2 compresse al giorno', '14 giorni', 'V277', 'F030'),
('PR212', '1 compressa al giorno', '60 giorni', 'V278', 'F013'),
('PR213', '1 compressa al giorno', '180 giorni', 'V279', 'F019'),
('PR214', '1 compressa al giorno', '30 giorni', 'V280', 'F020'),
('PR215', '2 compresse al giorno', '14 giorni', 'V282', 'F030'),
('PR216', '1 compressa al giorno', '30 giorni', 'V283', 'F010'),
('PR217', '1 compressa alla sera', '45 giorni', 'V284', 'F031'),
('PR218', '1 compressa alla sera', '45 giorni', 'V285', 'F019'),
('PR219', '1 bustina al giorno', '10 giorni', 'V286', 'F016'),
('PR220', '1 gel applicazione locale 2x giorno', '20 giorni', 'V287', 'F032'),
('PR221', '1 spray nasale al bisogno', '30 giorni', 'V289', 'F024'),
('PR222', '1 fiala intramuscolo', '7 giorni', 'V290', 'F028'),
('PR223', '1 bustina al giorno', '10 giorni', 'V292', 'F008'),
('PR224', '1 spray nasale al bisogno', '30 giorni', 'V293', 'F037'),
('PR225', '1 gel applicazione locale 2x giorno', '20 giorni', 'V294', 'F011'),
('PR226', '1 compressa al giorno', '60 giorni', 'V295', 'F021'),
('PR227', '1 spray nasale al bisogno', '30 giorni', 'V296', 'F009'),
('PR228', '1 compressa al giorno', '30 giorni', 'V297', 'F018'),
('PR229', '1 compressa alla sera', '45 giorni', 'V298', 'F023'),
('PR230', '1 gel applicazione locale 2x giorno', '20 giorni', 'V299', 'F034'),
('PR231', '1 compressa al bisogno', '15 giorni', 'V300', 'F033'),
('PR232', '1 compressa alla sera', '45 giorni', 'V301', 'F012'),
('PR233', '1 compressa al giorno', '60 giorni', 'V303', 'F035'),
('PR234', '1 compressa 2x giorno', '90 giorni', 'V304', 'F020'),
('PR235', '1 spray nasale al bisogno', '30 giorni', 'V305', 'F024'),
('PR236', '1 fiala intramuscolo', '7 giorni', 'V306', 'F023'),
('PR237', '2 compresse al giorno', '14 giorni', 'V308', 'F019'),
('PR238', '1 bustina al giorno', '10 giorni', 'V309', 'F027'),
('PR239', '1 compressa al giorno', '60 giorni', 'V310', 'F007'),
('PR240', '2 compresse al giorno', '14 giorni', 'V311', 'F015'),
('PR241', '1 spray nasale al bisogno', '30 giorni', 'V314', 'F034'),
('PR242', '1 spray nasale al bisogno', '30 giorni', 'V316', 'F008'),
('PR243', '1 compressa al bisogno', '15 giorni', 'V317', 'F008'),
('PR244', '1 gel applicazione locale 2x giorno', '20 giorni', 'V320', 'F024'),
('PR245', '1 bustina al giorno', '10 giorni', 'V321', 'F039'),
('PR246', '1 compressa 2x giorno', '90 giorni', 'V322', 'F012'),
('PR247', '1 compressa al giorno', '30 giorni', 'V323', 'F008'),
('PR248', '1 spray nasale al bisogno', '30 giorni', 'V324', 'F010'),
('PR249', '1 gel applicazione locale 2x giorno', '20 giorni', 'V325', 'F009'),
('PR250', '1 compressa al bisogno', '15 giorni', 'V326', 'F028'),
('PR251', '1 compressa al bisogno', '15 giorni', 'V327', 'F005'),
('PR252', '1 bustina al giorno', '10 giorni', 'V328', 'F028'),
('PR253', '1 compressa al bisogno', '15 giorni', 'V329', 'F003'),
('PR254', '1 compressa al giorno', '30 giorni', 'V331', 'F031'),
('PR255', '1 gel applicazione locale 2x giorno', '20 giorni', 'V332', 'F003'),
('PR256', '1 compressa alla sera', '45 giorni', 'V333', 'F001'),
('PR257', '1 compressa al bisogno', '15 giorni', 'V334', 'F039'),
('PR258', '1 compressa al bisogno', '20 giorni', 'V335', 'F012'),
('PR259', '1 compressa al giorno', '30 giorni', 'V336', 'F006'),
('PR260', '1 spray nasale al bisogno', '30 giorni', 'V337', 'F018'),
('PR261', '1 compressa al giorno', '60 giorni', 'V339', 'F033'),
('PR262', '2 compresse al giorno', '14 giorni', 'V341', 'F037'),
('PR263', '1 fiala intramuscolo', '7 giorni', 'V342', 'F001'),
('PR264', '1 spray nasale al bisogno', '30 giorni', 'V343', 'F013'),
('PR265', '2 compresse al giorno', '14 giorni', 'V345', 'F001'),
('PR266', '1 compressa al bisogno', '20 giorni', 'V347', 'F033'),
('PR267', '1 spray nasale al bisogno', '30 giorni', 'V349', 'F038'),
('PR268', '1 compressa alla sera', '45 giorni', 'V350', 'F007'),
('PR269', '1 compressa 2x giorno', '90 giorni', 'V351', 'F025'),
('PR270', '2 compresse al giorno', '14 giorni', 'V352', 'F015'),
('PR271', '1 compressa 2x giorno', '90 giorni', 'V353', 'F008'),
('PR272', '2 compresse al giorno', '14 giorni', 'V354', 'F009'),
('PR273', '1 compressa 2x giorno', '90 giorni', 'V355', 'F019'),
('PR274', '1 compressa al giorno', '30 giorni', 'V356', 'F006'),
('PR275', '1 compressa al bisogno', '15 giorni', 'V357', 'F025'),
('PR276', '1 fiala intramuscolo', '7 giorni', 'V358', 'F020'),
('PR277', '1 bustina al giorno', '10 giorni', 'V359', 'F015'),
('PR278', '1 gel applicazione locale 2x giorno', '20 giorni', 'V360', 'F028'),
('PR279', '1 compressa al bisogno', '15 giorni', 'V361', 'F031'),
('PR280', '1 compressa al giorno', '30 giorni', 'V363', 'F032'),
('PR281', '1 compressa al giorno', '180 giorni', 'V364', 'F029'),
('PR282', '1 compressa alla sera', '45 giorni', 'V365', 'F006'),
('PR283', '1 compressa al giorno', '180 giorni', 'V366', 'F026'),
('PR284', '1 compressa al bisogno', '15 giorni', 'V367', 'F011'),
('PR285', '1 compressa al bisogno', '20 giorni', 'V368', 'F022'),
('PR286', '1 compressa al giorno', '180 giorni', 'V369', 'F008'),
('PR287', '1 compressa al giorno', '180 giorni', 'V370', 'F032'),
('PR288', '1 spray nasale al bisogno', '30 giorni', 'V371', 'F038'),
('PR289', '1 compressa alla sera', '45 giorni', 'V372', 'F026'),
('PR290', '1 compressa alla sera', '45 giorni', 'V373', 'F039'),
('PR291', '1 compressa al giorno', '60 giorni', 'V376', 'F030'),
('PR292', '1 gel applicazione locale 2x giorno', '20 giorni', 'V377', 'F032'),
('PR293', '1 compressa alla sera', '45 giorni', 'V378', 'F009'),
('PR294', '1 spray nasale al bisogno', '30 giorni', 'V379', 'F004'),
('PR295', '1 compressa al giorno', '30 giorni', 'V381', 'F012'),
('PR296', '1 compressa alla sera', '45 giorni', 'V382', 'F021'),
('PR297', '1 fiala intramuscolo', '7 giorni', 'V383', 'F040'),
('PR298', '1 compressa al bisogno', '15 giorni', 'V384', 'F034'),
('PR299', '1 compressa alla sera', '45 giorni', 'V387', 'F032'),
('PR300', '1 gel applicazione locale 2x giorno', '20 giorni', 'V388', 'F035'),
('PR301', '2 compresse al giorno', '14 giorni', 'V389', 'F035'),
('PR302', '1 compressa al giorno', '30 giorni', 'V390', 'F028'),
('PR303', '1 bustina al giorno', '10 giorni', 'V392', 'F021'),
('PR304', '1 compressa al giorno', '30 giorni', 'V394', 'F003'),
('PR305', '1 compressa alla sera', '45 giorni', 'V395', 'F020'),
('PR306', '1 compressa al giorno', '180 giorni', 'V397', 'F009'),
('PR307', '1 compressa al giorno', '180 giorni', 'V398', 'F032'),
('PR308', '1 bustina al giorno', '10 giorni', 'V400', 'F036'),
('PR309', '1 fiala intramuscolo', '7 giorni', 'V401', 'F031'),
('PR310', '1 compressa al giorno', '60 giorni', 'V402', 'F033'),
('PR311', '1 gel applicazione locale 2x giorno', '20 giorni', 'V403', 'F032'),
('PR312', '1 compressa al giorno', '180 giorni', 'V404', 'F040'),
('PR313', '1 gel applicazione locale 2x giorno', '20 giorni', 'V405', 'F021'),
('PR314', '1 fiala intramuscolo', '7 giorni', 'V406', 'F003'),
('PR315', '1 compressa 2x giorno', '90 giorni', 'V407', 'F023'),
('PR316', '1 compressa alla sera', '45 giorni', 'V409', 'F022'),
('PR317', '1 compressa al giorno', '180 giorni', 'V410', 'F023'),
('PR318', '1 compressa al giorno', '30 giorni', 'V412', 'F016'),
('PR319', '1 compressa alla sera', '45 giorni', 'V413', 'F020'),
('PR320', '1 spray nasale al bisogno', '30 giorni', 'V414', 'F005'),
('PR321', '1 compressa al giorno', '60 giorni', 'V416', 'F002'),
('PR322', '1 compressa al giorno', '30 giorni', 'V417', 'F030'),
('PR323', '1 compressa al giorno', '180 giorni', 'V418', 'F037'),
('PR324', '1 compressa al giorno', '180 giorni', 'V419', 'F018'),
('PR325', '1 bustina al giorno', '10 giorni', 'V420', 'F038'),
('PR326', '1 compressa 2x giorno', '90 giorni', 'V421', 'F025'),
('PR327', '1 compressa 2x giorno', '90 giorni', 'V422', 'F037'),
('PR328', '1 bustina al giorno', '10 giorni', 'V423', 'F007'),
('PR329', '1 compressa al bisogno', '20 giorni', 'V424', 'F022'),
('PR330', '1 compressa alla sera', '45 giorni', 'V425', 'F022'),
('PR331', '1 gel applicazione locale 2x giorno', '20 giorni', 'V426', 'F024'),
('PR332', '1 compressa alla sera', '45 giorni', 'V428', 'F005'),
('PR333', '1 gel applicazione locale 2x giorno', '20 giorni', 'V430', 'F017'),
('PR334', '1 fiala intramuscolo', '7 giorni', 'V431', 'F026'),
('PR335', '1 compressa al bisogno', '15 giorni', 'V433', 'F038'),
('PR336', '1 compressa 2x giorno', '90 giorni', 'V434', 'F018'),
('PR337', '2 compresse al giorno', '14 giorni', 'V435', 'F031'),
('PR338', '1 compressa 2x giorno', '90 giorni', 'V436', 'F005'),
('PR339', '1 gel applicazione locale 2x giorno', '20 giorni', 'V437', 'F033'),
('PR340', '2 compresse al giorno', '14 giorni', 'V439', 'F021'),
('PR341', '1 compressa al giorno', '180 giorni', 'V440', 'F017'),
('PR342', '1 bustina al giorno', '10 giorni', 'V441', 'F036'),
('PR343', '1 compressa al giorno', '30 giorni', 'V442', 'F034'),
('PR344', '1 compressa al bisogno', '20 giorni', 'V444', 'F030'),
('PR345', '1 compressa alla sera', '45 giorni', 'V445', 'F035'),
('PR346', '1 compressa al giorno', '30 giorni', 'V450', 'F034'),
('PR347', '1 bustina al giorno', '10 giorni', 'V451', 'F010'),
('PR348', '1 spray nasale al bisogno', '30 giorni', 'V452', 'F020'),
('PR349', '1 compressa al bisogno', '15 giorni', 'V454', 'F014'),
('PR350', '1 gel applicazione locale 2x giorno', '20 giorni', 'V456', 'F011'),
('PR351', '1 fiala intramuscolo', '7 giorni', 'V457', 'F016'),
('PR352', '1 compressa al bisogno', '15 giorni', 'V458', 'F010'),
('PR353', '1 compressa al bisogno', '20 giorni', 'V459', 'F020'),
('PR354', '2 compresse al giorno', '14 giorni', 'V460', 'F028'),
('PR355', '1 compressa al giorno', '30 giorni', 'V461', 'F013'),
('PR356', '1 compressa al giorno', '60 giorni', 'V462', 'F002'),
('PR357', '1 gel applicazione locale 2x giorno', '20 giorni', 'V463', 'F036'),
('PR358', '1 compressa al giorno', '30 giorni', 'V464', 'F032'),
('PR359', '1 compressa al bisogno', '15 giorni', 'V466', 'F021'),
('PR360', '1 compressa al bisogno', '15 giorni', 'V467', 'F027'),
('PR361', '1 compressa al bisogno', '15 giorni', 'V469', 'F026'),
('PR362', '1 compressa al giorno', '60 giorni', 'V471', 'F016'),
('PR363', '1 spray nasale al bisogno', '30 giorni', 'V472', 'F033'),
('PR364', '1 fiala intramuscolo', '7 giorni', 'V474', 'F034'),
('PR365', '1 compressa al bisogno', '15 giorni', 'V475', 'F016'),
('PR366', '1 compressa 2x giorno', '90 giorni', 'V476', 'F022'),
('PR367', '1 spray nasale al bisogno', '30 giorni', 'V478', 'F016'),
('PR368', '1 compressa al bisogno', '15 giorni', 'V480', 'F012'),
('PR369', '1 gel applicazione locale 2x giorno', '20 giorni', 'V481', 'F029'),
('PR370', '1 fiala intramuscolo', '7 giorni', 'V482', 'F004'),
('PR371', '1 compressa 2x giorno', '90 giorni', 'V483', 'F008'),
('PR372', '1 compressa al giorno', '180 giorni', 'V484', 'F031'),
('PR373', '1 gel applicazione locale 2x giorno', '20 giorni', 'V485', 'F010'),
('PR374', '1 spray nasale al bisogno', '30 giorni', 'V486', 'F024'),
('PR375', '1 fiala intramuscolo', '7 giorni', 'V488', 'F003'),
('PR376', '1 compressa al giorno', '30 giorni', 'V490', 'F016'),
('PR377', '1 compressa al giorno', '180 giorni', 'V491', 'F020'),
('PR378', '1 spray nasale al bisogno', '30 giorni', 'V492', 'F024'),
('PR379', '2 compresse al giorno', '14 giorni', 'V494', 'F016'),
('PR380', '1 compressa al giorno', '180 giorni', 'V496', 'F017'),
('PR381', '1 compressa al bisogno', '20 giorni', 'V497', 'F020'),
('PR382', '1 compressa al giorno', '60 giorni', 'V498', 'F029'),
('PR383', '1 compressa alla sera', '45 giorni', 'V499', 'F027');
